fund_id,category,expense_ratio,true_alpha_ann,true_group,start_date,end_date,n_months,beta_true,s_true,h_true,mom_true
0,Growth,0.022598247051879326,0.0,zero_alpha,1978-10-01,2001-02-01,269,1.2462336628036037,-0.10313399594302888,0.008732169528970836,-0.09583250586653855
1,Growth,0.017451223159761525,-0.04225086050515511,unskilled,1975-02-01,2006-09-01,380,1.0845791627049592,0.5267623645598021,0.24053098111140425,-0.23702101627784503
2,Aggressive Growth,0.020585564594394975,-0.03247131277126278,unskilled,1985-07-01,2005-02-01,236,0.9147800908828372,-0.06352168435439887,0.29793181459398294,-0.0316775858049749
3,Growth,0.018930785698094504,0.0,zero_alpha,1994-11-01,2003-10-01,108,1.0743067109193463,0.12438602256803313,0.09086170036932088,0.12839040449150227
4,Aggressive Growth,0.014251848492813322,0.0,zero_alpha,1975-01-01,1992-02-01,206,1.205891041806316,0.32630206489997604,0.41825444309080306,0.0631999633210717
5,Growth,0.018773479839211026,0.0,zero_alpha,1989-11-01,1997-02-01,88,1.2497433475012,-0.035048611645218414,-0.08127461131328381,0.08044217898715303
6,Growth,0.018272340351166868,0.0,zero_alpha,1980-09-01,2003-10-01,278,1.128033701689862,0.5680537839397636,-0.3365038084004853,0.05245254844690668
7,Growth,0.005134072398522489,0.0,zero_alpha,1978-05-01,2001-07-01,279,0.9538511680486998,0.18893208951710275,0.2006356135776339,0.08067912122685662
8,Aggressive Growth,0.018972758774557032,0.0,zero_alpha,1976-11-01,2004-12-01,338,0.9174960118916119,0.28521271157491745,-0.37771887834981255,0.09942676386300531
9,Growth & Income,0.010243190036456917,0.0,zero_alpha,1989-02-01,2003-03-01,170,1.0364104255342086,0.10309824799521856,-0.16100060453996087,-0.02120221434319273
10,Growth,0.015836456440000618,-0.03435186327146397,unskilled,1982-02-01,1995-05-01,160,1.201096174290657,0.3346800717542727,0.09402244648455928,0.03243358421294247
11,Growth,0.0072266477682170985,0.0,zero_alpha,1976-08-01,1983-06-01,83,1.0150653683321678,0.5646981849624656,-0.03047629600975616,0.2814887562304536
12,Growth,0.005460450031446802,-0.03066144268828082,unskilled,1980-12-01,1997-01-01,194,1.0181797807803217,0.13717851559419642,-0.04819055257430118,0.04130465435017085
13,Growth,0.005302394175511404,0.0,zero_alpha,1978-08-01,1996-05-01,214,0.9577096781475638,0.602428197687309,-0.24615800656400122,0.026384524468087707
14,Growth,0.008163890247458718,0.0,zero_alpha,1977-07-01,2002-11-01,305,0.9008163406053181,0.017101047905220546,-0.012160477886667402,0.03543267608395991
15,Growth & Income,0.005397850132203032,0.0,zero_alpha,1976-07-01,2001-10-01,304,0.9256798240034123,0.3610240098379275,0.19073249774755838,-0.012686277747432955
16,Aggressive Growth,0.0076479484170203695,0.0,zero_alpha,1978-06-01,1987-02-01,105,0.9703138977868294,0.29227858406076246,-0.006006416692796216,-0.04530339455812045
17,Growth,0.016183472107179485,0.0,zero_alpha,1994-02-01,2006-09-01,152,1.2077149994359733,-0.09714551817059233,-0.1760451759282122,0.051301778654814736
18,Growth,0.013005456631459921,-0.03343124366777846,unskilled,1976-09-01,1995-06-01,226,0.9140429332203797,0.22345242615933297,-0.2595076921194661,-0.05585728029387267
19,Growth,0.02461496245181307,0.0,zero_alpha,1987-10-01,2001-09-01,168,0.9578918113867071,0.1718414844625932,-0.17191891659111574,-0.0018272394215823294
20,Growth,0.021173887204344044,0.0,zero_alpha,1993-12-01,1999-07-01,68,0.8201933509390237,-0.043298044069211256,0.0684667504828717,-0.09857720597894307
21,Growth,0.00793551508977261,0.0,zero_alpha,1977-08-01,2005-05-01,334,1.0574946599709731,0.25950060854853163,0.05872045247194201,0.036201770680147606
22,Growth & Income,0.01333578786922111,-0.03270395443208192,unskilled,1981-09-01,2006-05-01,297,1.1550018768077424,0.2065723865271294,-0.17010142011913376,0.10762924162640412
23,Growth,0.013619415931266414,0.0,zero_alpha,1975-01-01,1994-01-01,229,1.1936746768935134,0.15185326317319583,-0.45215188439641163,-0.011787228986637286
24,Growth,0.012242335579025713,-0.03923028927194227,unskilled,1980-07-01,1994-01-01,163,0.9805046787043565,0.1528556327353288,0.07400255273443299,-0.28125676553339735
25,Growth,0.014911795613510723,0.0,zero_alpha,1975-10-01,2003-06-01,333,1.0361531424918853,0.14749743526909517,-0.1895414797950502,0.10855573160832074
26,Growth,0.018397490908909304,-0.02811331211969128,unskilled,1990-02-01,1995-12-01,71,0.9269674516744942,0.07807509468841814,0.1278124958030567,0.03802757641396405
27,Growth & Income,0.017817794313193056,-0.020361734498269574,unskilled,1984-07-01,2001-07-01,205,1.0292028019541783,0.20495852375374543,-0.16122192842554997,-0.12898471750201898
28,Aggressive Growth,0.012141983282671067,0.0,zero_alpha,1979-11-01,2006-06-01,320,0.9970947728748821,0.009021446909054903,-0.20758009073396178,0.13599053634849095
29,Growth & Income,0.01910091246297045,0.0,zero_alpha,1975-07-01,2006-03-01,369,0.9587396580877231,0.8342023728674999,0.020634381451916865,-0.1897637801073771
30,Growth & Income,0.010789707973268652,0.0,zero_alpha,1979-10-01,1991-06-01,141,0.9706630538415694,-0.18233331136632894,0.46153984600527376,0.17681114229867018
31,Growth,0.021709356884527607,0.0,zero_alpha,1983-10-01,2006-04-01,271,1.0177883425090473,0.02381598069138527,0.13980599822331463,0.011395007052918068
32,Aggressive Growth,0.024287440865280514,0.0,zero_alpha,1989-10-01,1999-10-01,121,0.9058771347731653,0.04356447385576484,0.017243859841170363,-0.32032976130659957
33,Aggressive Growth,0.010894733088977905,0.0,zero_alpha,1993-05-01,2001-05-01,97,0.913625481188295,0.6801233535811344,0.061770307276193655,0.04674943808948562
34,Growth,0.020693771055408625,0.0,zero_alpha,1982-10-01,1997-03-01,174,1.206104302050733,-0.1600336624943748,-0.3602231722971195,-0.0409288552136404
35,Growth,0.021268516077154544,0.0,zero_alpha,1976-06-01,2005-04-01,347,1.3565820153269574,0.27648057449652746,-0.2344680741505113,-0.06352739377347044
36,Aggressive Growth,0.01481526749069758,0.0,zero_alpha,1978-04-01,2001-11-01,284,0.7693449577198934,0.23209851626163497,-0.5121857730094278,-0.09065886421843275
37,Growth & Income,0.0067549462330608835,0.0,zero_alpha,1985-05-01,2003-07-01,219,0.7610793193435912,0.25340057616863704,0.3359747789153245,0.0009176313710190925
38,Growth,0.020723637801985682,0.0,zero_alpha,1979-02-01,1991-08-01,151,0.8064270758287775,0.47908579065273504,0.29547720583114967,-0.05277830217507119
39,Growth & Income,0.013149564764650398,0.0,zero_alpha,1997-09-01,2006-06-01,106,0.9345067377442167,0.47395733993677214,0.06856370524298197,-0.2585035364782578
40,Growth & Income,0.009161425510035043,0.0,zero_alpha,1978-06-01,1990-08-01,147,1.0843670766555884,0.057260793369970656,0.017023020616840946,0.21081018300158072
41,Growth & Income,0.01753300465121559,0.0,zero_alpha,1985-08-01,1994-08-01,109,1.0386879413072407,0.21850436237349774,-0.3203180004995161,-0.016653648394270772
42,Growth,0.013738762113615285,0.0,zero_alpha,1981-12-01,1991-11-01,120,0.9758046705170702,-0.29602550803803596,-0.053859992050138215,-0.08979025238173946
43,Growth,0.006751448973603642,0.0,zero_alpha,1980-06-01,2003-12-01,283,1.0293403320436847,0.19477325213048227,0.3484783756807785,-0.14926355238179967
44,Aggressive Growth,0.024673492581334142,-0.027897357622912903,unskilled,1990-12-01,1999-06-01,103,0.8461870765057445,-0.028497356957979753,0.016283199639142862,0.13560981011793818
45,Growth,0.009893237404882908,0.0,zero_alpha,1998-09-01,2004-11-01,75,0.9133815842371071,0.1234043935098709,-0.12292929324237926,-0.17476479536447875
46,Growth,0.015219301109592912,-0.030001128866382815,unskilled,1984-10-01,2004-05-01,236,0.9469858177436304,-0.25134296620417373,-0.3616141320007227,0.04009809527869501
47,Aggressive Growth,0.018345765234620476,0.0,zero_alpha,1979-10-01,1992-06-01,153,0.7123675491692221,0.27121807167976886,0.266061145546161,-0.06754735028103719
48,Growth,0.007301787287973831,0.0,zero_alpha,1978-01-01,1995-03-01,207,0.7758034692916106,-0.2541421738939019,-0.024016760205531264,-0.058812949084349836
49,Growth,0.019788201877215177,0.0,zero_alpha,1995-09-01,2004-05-01,105,0.7817650908083511,0.2070711516978966,-0.3613467706725659,-0.14553392964638498
50,Growth & Income,0.01796577659678251,-0.033968705861122855,unskilled,1985-06-01,1996-01-01,128,1.0646162335525662,-0.13662639825563735,-0.19485313641430843,-0.07304791487824902
51,Growth,0.014875057946136035,0.0,zero_alpha,1976-06-01,1993-04-01,203,0.9868032422858624,-0.042410258783971144,-0.2655076034716261,0.021321858726028695
52,Growth & Income,0.01556659983337362,0.0,zero_alpha,1981-12-01,2005-07-01,284,1.0416591800110915,0.4586830256362907,-0.03634870514239439,0.05529683395234895
53,Growth,0.02409590054880655,0.0,zero_alpha,1985-04-01,2001-05-01,194,0.6740517515296303,0.3169794864784055,0.03146779392256372,-0.09783887219244676
54,Growth,0.02321795674537928,0.0,zero_alpha,1975-04-01,1994-11-01,236,0.7274649970922595,0.4573007844176358,-0.11064341285570493,0.006359839634387906
55,Growth,0.007239666477425745,0.0,zero_alpha,1985-03-01,2004-03-01,229,1.0494823160384743,0.5599317831253225,0.14540931929737633,0.15326816464556325
56,Growth,0.012375041061338011,-0.03644066926866826,unskilled,1987-01-01,1999-03-01,147,0.5331995537500924,-0.023209676784941208,0.005760448094488337,-0.22939428354236088
57,Growth,0.015335428635392372,0.0,zero_alpha,1987-01-01,1999-06-01,150,1.1336944036399705,0.5447429156102179,0.202462477054426,0.019059653961221085
58,Growth & Income,0.023399516918035632,-0.0306814139782174,unskilled,1988-06-01,2004-11-01,198,0.6765024284715815,-0.19637641404472536,-0.08143881561614377,-0.12261759181032598
59,Growth & Income,0.021331266589080917,0.0,zero_alpha,1988-01-01,1993-10-01,70,1.0765017337887468,0.3565250836362258,0.5990651184022291,-0.13790262581747972
60,Growth,0.012729654059888282,0.0,zero_alpha,1978-12-01,2002-05-01,282,0.8167123062864555,0.04666557135000714,-0.12289774469479152,0.0591517269497151
61,Growth,0.02272420811021291,0.0,zero_alpha,1981-06-01,2002-12-01,259,1.1073355572757373,-0.06257503565982908,-0.1906659983511744,-0.061787720300133894
62,Aggressive Growth,0.012563155912642468,0.0,zero_alpha,1978-09-01,1991-11-01,159,1.431224137087474,0.32361746682611064,-0.21526011001915155,-0.162520468935265
63,Growth,0.01042385871608619,0.0,zero_alpha,1977-07-01,1992-07-01,181,0.6090233554818312,0.4062378812923033,-0.05218814531086107,0.21864247881049811
64,Growth,0.01719785253115199,0.0,zero_alpha,1990-05-01,2004-02-01,166,1.0543065721790972,0.39881709666163623,-0.3539072181731568,0.15801342714977437
65,Growth,0.012118035096296068,0.0,zero_alpha,1977-01-01,1999-07-01,271,0.678775592960939,0.22371497222369802,0.04891256876556214,-0.26984589345387533
66,Growth,0.017448151198451712,0.0,zero_alpha,1978-04-01,2003-09-01,306,1.0140153383326256,0.2029893253323098,-0.3910607539129614,-0.2011642192003102
67,Growth,0.01319368150090449,0.0,zero_alpha,1981-07-01,1989-05-01,95,0.9189841754672159,0.30171664642497564,0.022334184811446223,0.10901856069780225
68,Growth,0.020915382792537643,0.0,zero_alpha,1978-09-01,1994-10-01,194,0.9694673483692764,0.24594101887929776,-0.28025034881927063,-0.022731074955620437
69,Aggressive Growth,0.024086219467478267,-0.036122406078456196,unskilled,1990-12-01,1996-03-01,64,0.8132470585507644,0.30533895989649507,-0.08625868147601855,0.24508619665324358
70,Growth,0.010406183577428578,-0.029801816969915032,unskilled,1986-12-01,2004-01-01,206,1.067081166424475,0.22099986527767856,0.11090807982647188,0.11245045978115153
71,Growth,0.01520020168488563,0.0,zero_alpha,1984-01-01,1995-08-01,140,0.7327463243044428,0.38069595612659096,0.4508075367752707,0.06491982857809972
72,Growth,0.019488648706051773,-0.02819933457312073,unskilled,1977-06-01,1991-06-01,169,1.136245589434811,-0.23680195163760695,-0.2256001041562314,-0.13327940377381559
73,Growth,0.008170381904142994,0.0,zero_alpha,1978-08-01,1995-11-01,208,0.8886124540084726,0.13718163122840346,-0.040063489885278365,0.09371604422967074
74,Growth & Income,0.02091812296154737,0.0,zero_alpha,1978-01-01,1991-09-01,165,0.7395963983895365,-0.17596162346139652,-0.15475173495510847,-0.17136459321257003
75,Aggressive Growth,0.016659439232908545,-0.02281543235839343,unskilled,1989-06-01,2005-01-01,188,1.1892405235011048,0.23917550440122118,-0.18397406451215914,0.2157866800115103
76,Growth & Income,0.00799481047824163,0.0,zero_alpha,1977-01-01,2002-08-01,308,0.939898602078627,0.5804825439634245,-0.1529946659939089,0.08332078835273629
77,Growth,0.02236459173608175,0.0,zero_alpha,1976-12-01,2003-10-01,323,1.2361453955663038,0.0514788045132579,0.15481329512738784,-0.10372458651363888
78,Growth,0.013534025190516188,-0.03256973728827437,unskilled,1976-12-01,1981-12-01,61,1.1332034193970013,0.20181300757430382,-0.10761117284607594,0.1407016142198472
79,Growth,0.008532386918492976,0.0,zero_alpha,1982-07-01,1997-08-01,182,0.8302781442820347,0.35912167873040973,0.43986253965417105,0.3562287333704503
80,Growth,0.008907927286773008,0.0,zero_alpha,1978-10-01,2006-08-01,335,0.9372515298594877,-0.3469307329416311,0.07319585117894681,-0.012642564971417618
81,Growth,0.0207101279953265,0.0,zero_alpha,1980-03-01,1999-06-01,232,0.9681556909495361,0.03947237946395307,-0.21200213223481504,0.10256197845369389
82,Growth,0.023714323211699567,0.0,zero_alpha,1989-01-01,1999-06-01,126,1.178945479997966,0.26112891481821254,-0.08334103642901546,-0.044774397953650236
83,Growth,0.012564998445082987,0.0,zero_alpha,1977-01-01,1997-12-01,252,1.0156276570050673,-0.5542486814143187,-0.17036939800799789,0.032802832642751786
84,Growth,0.006576561506144656,0.0,zero_alpha,1978-04-01,1987-02-01,107,0.9764438931644689,-0.07420212326874281,0.15001373058934275,-0.20608518400471712
85,Growth,0.007016461589077148,0.0,zero_alpha,1994-05-01,1999-11-01,67,0.9200180619352538,0.44521449334532237,-0.3377559313130506,0.019920572974120233
86,Growth,0.01808957018387702,-0.03367228086177938,unskilled,1975-08-01,1997-08-01,265,0.9424164446218041,0.4207492251126812,-0.27819027608716207,0.02653659947459171
87,Growth,0.012415034211793512,0.0,zero_alpha,1980-11-01,1999-09-01,227,1.1456888128517486,0.2635795568425251,-0.12830922374982828,0.28984966652671224
88,Growth & Income,0.013522629946915873,0.0,zero_alpha,1977-02-01,2002-06-01,305,0.9505558026196211,0.39054940998579435,0.12658935862766507,-0.24925046690550243
89,Growth,0.011740947562968777,0.0,zero_alpha,1975-04-01,1989-07-01,172,0.8907504093052737,0.22377605860536592,0.23661205496455448,-0.022132518866166902
90,Growth,0.014310771319791561,0.0,zero_alpha,1977-02-01,2005-02-01,337,0.865323925157947,0.3088487268605786,0.26610843815456864,0.2132175826746553
91,Growth,0.017870989057601296,-0.04201761146033257,unskilled,1990-03-01,2006-06-01,196,0.8669352269245757,0.09108657278984655,0.09596030398950607,-0.016265724369813443
92,Growth,0.015822783278095717,0.0,zero_alpha,1975-06-01,2000-04-01,299,0.7396856005935852,0.1989531707305232,-0.026577907271604008,-0.005701229947749648
93,Aggressive Growth,0.008284828483029551,0.0,zero_alpha,1994-12-01,2002-07-01,92,0.8374437037510281,0.01190740339604443,0.14892516246279852,-0.10498885373232612
94,Growth,0.01482577303887608,0.0,zero_alpha,1988-03-01,1995-09-01,91,1.1747630413475485,0.48587083604557835,-0.23890012348634213,-0.11989080703941364
95,Growth & Income,0.014212261182126831,0.0,zero_alpha,1979-04-01,2005-05-01,314,0.9190101109148755,0.5503898523755505,-0.37893144440324533,-0.2538780648749728
96,Growth & Income,0.01591474496107282,0.0,zero_alpha,1975-06-01,2002-12-01,331,1.0556617502834147,0.5149782001742683,0.0773275155372978,-0.07438228714662314
97,Growth,0.007213400620807678,0.0,zero_alpha,1976-05-01,2006-10-01,366,0.5781865223148748,0.06797280958053444,-0.21113568342977002,-0.1284032582668185
98,Growth & Income,0.008070542460854705,-0.03016734296381385,unskilled,1975-03-01,1988-11-01,165,1.0352466963448819,-0.06844350984127184,-0.023061346433096166,0.03770582504856103
99,Aggressive Growth,0.015604883562158937,-0.02881233094551152,unskilled,1999-01-01,2004-07-01,67,0.9257970943446329,0.4892434151875408,0.013925403174562903,-0.09815023036355973
100,Growth & Income,0.010508700850992668,0.0,zero_alpha,1975-05-01,2006-10-01,378,0.8777839965664236,0.30597680064785315,0.03962391183565931,-0.051938647757275996
101,Growth,0.01758063377422694,-0.03906382941946183,unskilled,1978-08-01,1999-10-01,255,0.9771439936131697,0.25214608538091066,0.1775583077050104,-0.047830808958648996
102,Growth & Income,0.012455027653583205,0.0,zero_alpha,1975-02-01,1986-09-01,140,0.8756262119281958,0.011591978763713595,0.1564150376583463,0.012775222656444173
103,Growth,0.009414694953308714,-0.03449647799269576,unskilled,1978-12-01,2004-07-01,308,0.6314187620167466,0.2764159531591912,0.029000013433538044,-0.05927833846072614
104,Growth,0.018127895766546567,-0.024962590693431416,unskilled,1975-03-01,2004-07-01,353,1.0883371911757906,-0.10131951491548372,-0.09840305609388111,-0.13926791349056983
105,Growth & Income,0.01287815339285029,0.0,zero_alpha,1986-10-01,1999-05-01,152,0.986452634202229,0.32851558901975797,0.011552417735264183,0.032864966592175755
106,Growth,0.008152249410194493,0.0,zero_alpha,1979-10-01,2005-07-01,310,0.9029086317878222,0.5147216749015526,-0.1292420833349843,0.18012248243969164
107,Growth,0.021176179585405804,0.0,zero_alpha,1976-07-01,2002-09-01,315,0.8050721941891343,0.5777613859769881,-0.04928578440123419,0.03926992936861616
108,Growth,0.01363517423881229,0.0,zero_alpha,1978-03-01,1996-09-01,223,0.7295213725839297,0.347131013527454,0.5136346847160828,-0.0714730657357933
109,Growth,0.023301406794452872,-0.029045468386033224,unskilled,1977-03-01,1999-03-01,265,0.9835839060602086,-0.1755053874052804,0.026437940176708093,0.001528039235956253
110,Growth,0.008868018570308049,-0.02201634554154107,unskilled,1979-06-01,1991-08-01,147,1.1920161440338037,0.2193325327365054,0.0800490034075097,-0.28759491555348077
111,Growth,0.022527004692129465,0.0,zero_alpha,1975-03-01,2005-03-01,361,0.9804749715111557,0.7049204360144283,-0.15109612980607243,-0.0009104124308297115
112,Growth,0.021318199413981383,-0.028904144415123033,unskilled,1975-02-01,2006-08-01,379,0.742585759086076,-0.04715289761057104,0.1940146832859736,-0.04005315536357093
113,Aggressive Growth,0.007078316481764617,0.0,zero_alpha,1975-05-01,2006-10-01,378,0.9837675090557604,0.15520460677244577,0.14205448453268488,-0.1200190537009768
114,Growth,0.015633626313006348,0.0,zero_alpha,1977-03-01,2002-01-01,299,0.9419985556629907,0.5233810879502443,0.14347051093101698,-0.09281475284979519
115,Growth & Income,0.018073657202928937,0.0,zero_alpha,1995-04-01,2001-04-01,73,1.0796065439111344,0.3242834805183964,0.03297824935069266,-0.04153517523094702
116,Growth,0.014909643894545098,0.0,zero_alpha,1989-01-01,2003-11-01,179,1.0410099766117589,0.7900390811212762,0.19683801915335414,0.1688687414009736
117,Aggressive Growth,0.012805261683718715,0.0,zero_alpha,1986-06-01,2003-05-01,204,0.5021266198835115,-0.01321734580714709,0.24433703932694667,0.1838090625170139
118,Aggressive Growth,0.023876842547274076,0.0,zero_alpha,1975-08-01,2006-06-01,371,1.0317863306642685,-0.07743894643520546,0.04661978386985902,-0.1192187742336716
119,Growth & Income,0.01901641719484439,0.0,zero_alpha,1978-11-01,1998-07-01,237,0.7994780885743874,0.47603135895879345,-0.03292247180006456,-0.057711605986509026
120,Growth,0.02431739755128982,-0.03202560933360035,unskilled,1986-09-01,2006-02-01,234,0.736740688782695,-0.12896965706788396,0.16891419802295216,-0.05388849359328671
121,Growth,0.02192460621706383,0.0,zero_alpha,1979-10-01,1988-08-01,107,0.9217289884439654,0.12080800279561593,-0.19082506131194876,0.14143182733251866
122,Growth & Income,0.021342627964323117,-0.03639076183464375,unskilled,1977-08-01,2003-12-01,317,1.0116456663545017,0.15358836378510587,-0.15359205612306534,0.04182598289474253
123,Aggressive Growth,0.019512645806000192,0.0,zero_alpha,1983-02-01,1997-02-01,169,0.7038898084569764,0.4289973683464805,-0.020660068576980266,0.033918479396156255
124,Growth,0.017921584842905337,0.0,zero_alpha,1993-05-01,2000-09-01,89,1.0556864625586326,0.3235669920063117,-0.3582714136876291,0.10043939201317845
125,Growth,0.022737241822247237,0.0,zero_alpha,1975-03-01,2006-10-01,380,1.06450082712974,0.2842662285442157,0.15551905471268487,-0.06946201126163973
126,Aggressive Growth,0.017268195453261265,-0.027607748493463636,unskilled,1992-08-01,2002-08-01,121,0.9570464294449246,0.06939228052458332,-0.20258277749316467,0.2245829861531086
127,Growth,0.0065057680185038325,0.0,zero_alpha,1999-07-01,2004-11-01,65,0.8198564554659427,0.4737510047704858,-0.10429820430035137,0.01973830138696977
128,Aggressive Growth,0.01665127037986603,0.0,zero_alpha,1984-10-01,1991-10-01,85,0.8030932993716062,1.176456010681816,-0.05265591913595422,-0.10838686692878698
129,Growth & Income,0.007056703031735494,-0.03466950119186778,unskilled,1987-12-01,2005-02-01,207,1.1038898197370342,0.34282052473072894,-0.002142635685889965,-0.014446036569675993
130,Growth,0.023986021402448533,-0.028747036060876495,unskilled,1979-02-01,1986-10-01,93,0.7233165970256142,0.19491805188670913,-0.07873065528460838,0.20478924863118078
131,Growth,0.017933379522025724,0.0,zero_alpha,1978-12-01,2006-08-01,333,1.1096705691228768,-0.15446574274804012,-0.023474209446069767,-0.04377132039756583
132,Growth,0.016112925668267136,0.0,zero_alpha,1977-05-01,1996-02-01,226,0.9252201261304345,0.01062963767071165,-0.021925526478082817,0.16243366985672472
133,Growth,0.008956422654661756,0.0,zero_alpha,1990-08-01,2004-04-01,165,0.9356248250535714,0.116572441513174,-0.09940619152542525,-0.07380186891572824
134,Growth,0.015315340997495607,-0.03325988689103443,unskilled,1985-07-01,1990-07-01,61,0.6937868441880013,0.03634993993321686,-0.16463889152775307,-0.09484955451659594
135,Aggressive Growth,0.011850620076586844,-0.032953255287525796,unskilled,1988-08-01,2006-06-01,215,0.927992505480712,0.16598054136828796,0.20629478487112035,0.11893961158914379
136,Growth,0.01850772336017282,0.0,zero_alpha,1977-12-01,1986-12-01,109,1.0420378274017064,0.614504019201822,-0.4308811404533406,-0.11109588409686112
137,Growth & Income,0.017088195949187143,-0.033657440860486276,unskilled,1975-04-01,2006-08-01,377,0.7495384868222028,0.4817917293423085,-0.051143031801896555,0.14338103752425432
138,Aggressive Growth,0.014986141800141174,-0.027807553981318275,unskilled,1992-05-01,2005-02-01,154,1.0247953800877767,0.13029182088293645,-0.10377989437684311,0.07274389985350241
139,Aggressive Growth,0.010054820028887017,0.0,zero_alpha,1975-09-01,1993-06-01,214,0.9633518380518533,-0.13206998616646512,0.07375829734529733,-0.11103909017013879
140,Growth,0.015514862608022432,0.0,zero_alpha,1982-01-01,1987-06-01,66,0.8534366579251539,0.5043419107256033,-0.30085855930380173,0.009283588400849894
141,Growth,0.014233937714904495,0.0,zero_alpha,1976-12-01,1985-05-01,102,1.0782009629736957,0.1577364316346589,-0.10995706824872083,-0.0623161435839306
142,Aggressive Growth,0.022025317549246515,-0.028872048030163317,unskilled,1981-11-01,1992-05-01,127,0.6196614846532165,-0.2616251064005888,-0.03047194679795119,0.07234648350035894
143,Growth,0.0228867468272557,0.0,zero_alpha,1985-01-01,1991-04-01,76,1.0020021123115563,0.3481075296232591,0.20401472207409188,0.30316973674331293
144,Growth,0.020184983082168186,0.0,zero_alpha,1979-08-01,2004-02-01,295,1.1929152737109938,0.42642167105836637,0.056436993359084774,-0.035605690433113346
145,Growth,0.01139279913224622,0.0,zero_alpha,1975-05-01,2005-11-01,367,1.1659914708650991,-0.43647710123366723,-0.24669764217377238,0.10006644107877605
146,Growth,0.0057617902083630735,-0.03381526923282536,unskilled,1975-01-01,2006-08-01,380,1.0084710080807784,-0.03613866053322584,-0.10749534374413193,0.023666096250127392
147,Aggressive Growth,0.023506719184877574,-0.02785240478987963,unskilled,1978-05-01,1990-06-01,146,0.9047478835803731,0.14238649717307153,0.16721027053213822,0.023608655459477036
148,Growth,0.024840245033173385,0.0,zero_alpha,1980-05-01,2006-08-01,316,0.8546296165178553,0.35362772782715435,-0.2501549731846135,-0.004780768109728571
149,Growth,0.007540415246450161,0.0,zero_alpha,1987-11-01,2006-05-01,223,0.9045611309141537,0.04106335384395721,-0.025728853674474167,-0.1086126169527331
150,Growth,0.018712320475664047,0.0,zero_alpha,1980-09-01,1986-10-01,74,1.031571087187686,-0.0380354754934841,-0.011824090505255116,0.07027099239236825
151,Growth,0.013502930709794407,0.0,zero_alpha,1979-10-01,1987-02-01,89,0.8289134291810876,0.3517923124200706,-0.0871566119841529,-0.02331126248790828
152,Growth,0.00797040809678159,0.0,zero_alpha,1975-08-01,1995-05-01,238,1.063613572707557,0.05291940667146024,0.529150356559783,-0.1157200125608089
153,Growth & Income,0.02496202621931134,-0.03322638922971055,unskilled,1990-01-01,2006-05-01,197,1.2699740777004984,0.3055136626371743,-0.09254629188950979,0.17212598933724477
154,Growth & Income,0.023664577089235486,0.0,zero_alpha,1994-01-01,1999-02-01,62,0.9407175147308907,-0.10787891374364764,0.07995303187355952,0.03485144340535144
155,Growth & Income,0.024652177525654274,0.0,zero_alpha,1976-06-01,2006-07-01,362,0.7483407795075041,-0.1680832548090996,-0.16326022404385687,-0.01421484360148589
156,Growth,0.007877925087402902,-0.03990797199726971,unskilled,1977-02-01,2001-10-01,297,0.748288288052538,0.35881728939259927,0.09554959839988086,0.22100849221194468
157,Growth,0.01483849050645989,-0.037586920564948036,unskilled,1983-08-01,2002-02-01,223,1.0664848327567362,0.23312997757930348,0.16415751937038703,-0.25541223032994964
158,Growth,0.022915483266427283,0.0,zero_alpha,1975-01-01,2006-08-01,380,0.9410380731559335,0.4006139333090518,-0.1275928073492196,0.21092312055936324
159,Aggressive Growth,0.018503168915580816,0.0,zero_alpha,1975-07-01,2006-09-01,375,1.0815246344096079,0.036851749769639564,-0.020940363043706584,-0.11202819237043259
160,Aggressive Growth,0.013692036065831675,-0.02399110554339542,unskilled,1975-06-01,2006-09-01,376,0.8699548626260976,-0.02877632561993626,-0.18905595397817468,0.05172988091232797
161,Aggressive Growth,0.015333884817591556,0.0,zero_alpha,1981-08-01,1993-07-01,144,1.0745935321309747,0.5101797218852276,-0.23888076240997835,-0.06820956311810666
162,Growth,0.005772032094021125,0.0,zero_alpha,1977-04-01,2006-01-01,346,0.9262551239825412,-0.21073969099861753,0.1973590865000413,-0.11845015606786356
163,Growth,0.017230343536285844,0.0,zero_alpha,1983-09-01,2002-03-01,223,0.8401243917014076,0.4828651772951562,-0.12080018917672958,0.21708297889526518
164,Growth & Income,0.022194310334005242,-0.030839193384666397,unskilled,1978-04-01,2002-10-01,295,0.8898502281796423,0.5001261768705958,-0.49272246570161404,0.2984324851092927
165,Growth,0.005055872530825638,0.0,zero_alpha,1975-09-01,2003-11-01,339,0.7704418466865145,0.38502237856651883,0.3430712312987246,-0.013183847597661783
166,Aggressive Growth,0.00819929355295448,0.0,zero_alpha,1975-07-01,1984-11-01,113,1.2484039337872417,-0.0019518792526120043,-0.17041906461252126,0.07032120532914424
167,Aggressive Growth,0.015359802440106433,0.0,zero_alpha,1989-01-01,2006-01-01,205,0.935542727966227,-0.03413095918133982,-0.059274608749606154,0.028548687749375
168,Growth,0.016219286520417316,0.0,zero_alpha,1981-08-01,1989-12-01,101,1.0466771133023294,0.11748605675045012,0.318181301098863,0.27957602560292827
169,Growth & Income,0.011867046903328519,0.0,zero_alpha,1980-11-01,1993-04-01,150,0.86946963006938,-0.15375991920784984,-0.03834841883752799,-0.29697256711803016
170,Growth & Income,0.005558689599890816,0.0,zero_alpha,1985-11-01,2001-12-01,194,0.7922108267030264,-0.07042349968839917,-0.042667320440372684,0.07656851619053301
171,Aggressive Growth,0.019872001910996778,0.0,zero_alpha,1975-12-01,2004-01-01,338,0.9149179233623097,0.3311835728772615,-0.25563460891010664,-0.08906894712159001
172,Growth,0.00985850236490286,0.0,zero_alpha,1976-05-01,2004-08-01,340,1.1151788800068798,0.3323372785560393,-0.33696673992551335,-0.33339460322067677
173,Growth,0.017891546038016026,0.0,zero_alpha,1986-10-01,2002-03-01,186,0.8718902312902574,-0.09239370663373905,-0.04327725291922566,-0.03407951461438616
174,Aggressive Growth,0.016182934821552947,0.0,zero_alpha,1985-11-01,1999-08-01,166,0.8194202040905877,0.33903048382501866,0.06256195481497896,0.297207318636583
175,Growth,0.013616761649198509,0.0,zero_alpha,1983-05-01,2002-08-01,232,0.9733196366553715,0.28357582643495155,0.051105081642154514,-0.07840737856006004
176,Growth,0.016805790065567303,0.0,zero_alpha,1975-01-01,2004-08-01,356,1.0248533901076615,0.5474715636442758,-0.10625221609384315,0.13861482598469163
177,Growth,0.01890077487941324,0.0,zero_alpha,1975-04-01,2006-08-01,377,1.1964272253279775,0.3122841104668804,-0.005948440130611533,0.19980082955950496
178,Growth,0.01644488635891924,0.0,zero_alpha,1984-12-01,1995-12-01,133,1.003062571755874,0.43464526343359455,-0.3774419990655935,0.01809547960707163
179,Aggressive Growth,0.016150508642053644,-0.0277780740475734,unskilled,1988-12-01,1998-11-01,120,1.0465989017796853,0.28926939773255284,0.08203340413909571,0.03806834276169378
180,Growth,0.013721554937141733,0.0,zero_alpha,1976-03-01,2000-03-01,289,1.0578912855380482,0.414982277424297,0.022281168954009188,-0.23744468598116678
181,Growth,0.013600690449442305,0.0,zero_alpha,1978-01-01,1991-01-01,157,0.7770476927101054,-0.15177928914194375,0.3847321788365715,-0.08742457947589698
182,Growth,0.014819319700588276,0.0,zero_alpha,1991-07-01,2001-10-01,124,0.8055001894295684,0.13956388572227166,-0.00850407071419054,0.15605114364949937
183,Growth,0.014041558243120797,-0.033543365277732065,unskilled,1992-09-01,1998-06-01,70,0.7874155565591524,0.16025430794311757,-0.19853387042921583,0.029101864555560145
184,Growth,0.013780491686140282,-0.03111713320773144,unskilled,1988-02-01,2003-12-01,191,0.7501781366462531,0.10906251326617941,-0.02014462681776382,0.07510121621655232
185,Growth,0.00920740142420827,0.0,zero_alpha,1979-06-01,1994-12-01,187,1.0693189812305606,0.2809716575791814,-0.07555996000316739,0.03997363695245764
186,Growth,0.01949675842111138,0.0,zero_alpha,1986-11-01,2006-12-01,242,0.9935075137495633,0.3285949136239378,0.07694157375407958,0.3488005916444647
187,Growth,0.007659049378190088,0.0,zero_alpha,1980-11-01,1991-03-01,125,0.9619244094637174,0.2680642692677871,-0.004621587654962771,-0.04457797467829015
188,Growth,0.02317420845336646,0.0,zero_alpha,1980-01-01,2004-04-01,292,0.5610925226896597,0.12576402969466555,-0.2619893402105288,0.2608115064479465
189,Growth,0.017496924215443174,0.0,zero_alpha,1976-05-01,1999-09-01,281,1.2583215287927927,-0.013932519961281226,-0.3371486576388039,0.04002548333100987
190,Growth,0.005978013582465496,0.0,zero_alpha,1988-05-01,2005-10-01,210,0.8158591993769666,0.4442965185390585,0.0425816405266032,0.2741298461871197
191,Growth,0.01817997399496508,-0.029394163721339437,unskilled,1982-05-01,1992-02-01,118,1.2577719133908436,0.2574332041534588,0.26662290821384776,-0.16374671338872254
192,Aggressive Growth,0.012230285230116345,0.0,zero_alpha,1985-10-01,2004-05-01,224,0.7326137779023025,-0.0846534645998521,0.005869576810343847,0.04769783114462911
193,Growth,0.02359529688761291,0.0,zero_alpha,1977-12-01,2001-02-01,279,0.8281398262165194,0.12157811458759407,0.1526594707840414,-0.03905301758852048
194,Growth,0.02372150972979416,-0.037979198227945196,unskilled,1988-06-01,2003-06-01,181,0.6195725926235556,-0.2658249194268403,0.19256183084072004,0.040920850377505896
195,Aggressive Growth,0.02191856763705693,-0.02665764222005481,unskilled,1984-02-01,1996-02-01,145,1.0043187463914045,0.17884265358686074,0.04335836915893367,0.2033564393999192
196,Aggressive Growth,0.016356978039479043,-0.03281332960272454,unskilled,1975-11-01,1994-06-01,224,0.7848114768783151,0.12040501435035102,-0.17289829757228167,0.07682144080369181
197,Growth,0.023383553826104228,0.0,zero_alpha,1978-04-01,1992-10-01,175,0.7890499768852468,0.026383262411165564,0.029061617009112847,0.20305740350404067
198,Growth,0.017996163781457176,0.0,zero_alpha,1986-02-01,2001-11-01,190,0.7441228674238404,0.5661500474508824,0.23141457752009612,-0.08053316399109178
199,Aggressive Growth,0.022502581109422208,0.0,zero_alpha,1978-05-01,1992-09-01,173,1.0666032594106793,-0.11903852988552807,0.09597810991998286,-0.1034251686285574
200,Growth,0.008201063985422847,0.0,zero_alpha,1980-03-01,1993-04-01,158,1.056719547735132,0.34659823792058386,0.13964906856573114,0.022415760970589928
201,Growth & Income,0.023083606268624077,-0.030172779678179606,unskilled,1979-03-01,2003-06-01,292,1.2218050836618177,0.7166770402329684,-0.10250924833836518,0.014202173241337206
202,Growth,0.01823181389130935,0.0,zero_alpha,1978-09-01,1996-01-01,209,0.847144006839054,0.43931697592917196,-0.05047075194909644,-0.007878905323628907
203,Aggressive Growth,0.011065478462774461,0.0,zero_alpha,1976-11-01,1994-05-01,211,0.98282290565702,0.16211530447555825,-0.03374546218007343,-0.1237947588506028
204,Growth & Income,0.024956270543618007,0.0,zero_alpha,1980-11-01,2003-06-01,272,0.7565997203897072,-0.11351715985583186,-0.020267600507359176,0.19979773847778323
205,Growth & Income,0.01873767934708946,0.0,zero_alpha,1986-12-01,2001-08-01,177,0.8997441465897023,-0.17051554414611383,0.22359166320247176,-0.03442558009502315
206,Growth,0.023168321160414576,-0.03085885834930547,unskilled,1992-11-01,2000-06-01,92,0.8721732030078233,0.06711207626061952,-0.4794347456676335,0.23391171833190227
207,Aggressive Growth,0.00511171041954035,0.0,zero_alpha,1978-10-01,2006-10-01,337,1.019667493624313,-0.001750183478477052,-0.0038923390836324697,0.02191150478060873
208,Growth,0.016046768190983714,0.0,zero_alpha,1978-03-01,1984-08-01,78,1.1025532709627286,-0.009886727239533072,-0.025899275138970834,0.1172643396221067
209,Growth,0.01925065247145406,0.0,zero_alpha,1979-12-01,2000-04-01,245,1.098660003624725,0.088421636132189,-0.2843002282888298,0.1036564464445524
210,Growth & Income,0.005274737782374228,0.0,zero_alpha,1979-08-01,1991-09-01,146,0.8235781591673583,0.1444382267785783,0.124353443317493,-0.10364121105262784
211,Growth,0.020251184502456995,0.0,zero_alpha,1994-03-01,2004-11-01,129,1.0997701856934499,0.29130298691132406,-0.15490003838898492,0.07508043823287333
212,Growth & Income,0.01802896386335294,0.0,zero_alpha,1989-01-01,1995-01-01,73,0.9433872294338304,-0.1394490548656073,-0.08140652987063193,0.3092499416700659
213,Growth,0.010495193071853929,0.0,zero_alpha,1975-04-01,2004-07-01,352,0.9013104656154477,-0.0005609490332624811,0.3597563815508087,0.057741837965053514
214,Growth,0.018778898926954973,0.0,zero_alpha,1985-09-01,2002-03-01,199,0.8437232769771622,0.13008197929437967,0.1919947299078112,0.1551915109339512
215,Growth,0.007618020779938877,0.0,zero_alpha,1975-10-01,1989-12-01,171,0.8660096308457672,0.12112870164418274,0.10489738782902325,0.12399077668882777
216,Growth,0.02148074397537613,0.0,zero_alpha,1976-12-01,2001-11-01,300,1.211347076929435,0.6291059268533558,0.06615538692888084,0.06605744875474806
217,Growth,0.022324502345170083,0.0,zero_alpha,1993-10-01,1999-09-01,72,0.9961116149741035,0.2280616481809644,-0.042936004489068536,0.04797180765871198
218,Growth,0.014709538605569946,0.0,zero_alpha,1980-12-01,2001-02-01,243,0.9761917771251807,-0.23339745298985612,0.3898754530740203,0.10209733386819507
219,Growth & Income,0.015148843358966432,0.0,zero_alpha,1985-06-01,2003-09-01,220,0.9106629712194579,0.2745453403966912,0.15043352628804782,0.13449238197134192
220,Aggressive Growth,0.013041087217327031,0.0,zero_alpha,1981-12-01,2001-10-01,239,1.3168967917157042,0.3064159306859947,-0.15990998279305052,-0.18282460855766094
221,Aggressive Growth,0.011906679704075999,0.0,zero_alpha,1995-01-01,2003-04-01,100,1.1457515733269636,0.13871799293881548,-0.2900204556435308,0.05709543336446822
222,Growth,0.022457965577068955,0.0,zero_alpha,1975-10-01,2006-06-01,369,0.8418406827801811,-0.1333491686023003,0.10336760039785388,-0.007611682112097572
223,Growth,0.011097463515750791,0.0,zero_alpha,1976-03-01,1987-07-01,137,0.9089577417943063,0.6095136738283657,-0.02117382597568894,-0.03872902654775627
224,Aggressive Growth,0.013057000237087835,0.0,zero_alpha,1975-08-01,1998-11-01,280,0.9178633184943634,-0.0974709783953143,-0.29578763338923353,0.214394656854286
225,Growth,0.010998325928890247,0.0,zero_alpha,1980-05-01,2005-06-01,302,0.9718807967423899,0.3351930516039834,0.07571723314231639,-0.08997193720957801
226,Growth,0.01813425521585453,-0.028252830501361296,unskilled,1975-09-01,1989-11-01,171,0.8448161011052847,0.22001263226598383,-0.06380543206230414,-0.18921535904650028
227,Growth & Income,0.021284366622231654,0.0,zero_alpha,1983-11-01,1992-04-01,102,1.0158224785042544,0.3202026372574425,0.09613298510549399,0.13935743380787816
228,Growth,0.008286716538882827,0.0,zero_alpha,1975-04-01,1988-03-01,156,1.167813219805897,0.5967144810418326,0.07834804291618135,-0.19305907848308337
229,Growth & Income,0.010094850317904636,0.0,zero_alpha,1976-08-01,2003-05-01,322,0.7529557836493754,0.3104097180352588,-0.13165280430876786,-0.2691914616937845
230,Growth,0.007082154170574884,0.0,zero_alpha,1976-07-01,2005-12-01,354,0.7807779894361899,0.030333943239116756,0.11656895288484097,0.1562401534984948
231,Growth,0.008203679140537844,0.0,zero_alpha,1975-04-01,2005-07-01,364,0.8775262167054039,0.4464980687819903,-0.10958101652697984,0.04380833758437323
232,Growth,0.013137632489114304,0.0,zero_alpha,1984-10-01,1995-10-01,133,0.8844806659838255,0.012225137488970111,-0.09657637463619427,0.09090794410531639
233,Growth & Income,0.02051752579418278,-0.029703071141416938,unskilled,1985-08-01,2006-12-01,257,1.2497698812118896,0.21088950284881697,-0.11645428132427559,-0.04636413621694331
234,Growth,0.015832358699378296,0.0,zero_alpha,1976-08-01,1985-08-01,109,1.1002563830022258,-0.15327090200394752,0.21619488556125416,-0.1876609197413529
235,Aggressive Growth,0.006065525557743268,0.0,zero_alpha,1975-07-01,1999-08-01,290,1.0916483528177396,-0.0883203068341881,-0.06611447761087211,-0.15786808204265013
236,Growth,0.017501734993679567,-0.03535570138698291,unskilled,1979-04-01,1995-06-01,195,0.9103451459729899,0.1828466676090466,0.2644886361128504,-0.020828334914692565
237,Growth & Income,0.0209060833777664,0.0,zero_alpha,1981-06-01,2005-08-01,291,0.9070529889819778,0.26202167714521807,0.346696974037372,-0.17086042868770626
238,Growth,0.012869356031531262,0.0,zero_alpha,1978-06-01,2001-11-01,282,0.7322441879351902,-0.2555976556727576,-0.15774382737088977,0.06605793605684798
239,Growth,0.00990025202744333,-0.03532754853644347,unskilled,1975-02-01,2006-11-01,382,1.0672610342071724,0.2943218420001661,-0.5941990629393867,-0.04936869070516284
240,Aggressive Growth,0.020278754563941754,0.0,zero_alpha,1975-06-01,1993-07-01,218,1.0236581907213178,-0.03485724414957436,0.19890190865425456,0.047755407104795825
241,Aggressive Growth,0.00547812477921851,0.0,zero_alpha,1988-03-01,2002-04-01,170,1.1428996047017426,0.4899220039177916,-0.07839437947202822,0.043272219233964626
242,Aggressive Growth,0.021311820488314672,0.0,zero_alpha,1975-11-01,1995-01-01,231,0.9183755429965749,0.08200889279387295,-0.1832372826263983,0.07801993316367903
243,Growth,0.021085191630883997,-0.030035862658700407,unskilled,1991-03-01,2000-06-01,112,0.9287331280699405,-0.11090556738749643,-0.12774362123059363,0.0949223790933498
244,Growth & Income,0.022759718613884154,0.0,zero_alpha,1978-07-01,1986-06-01,96,0.9755068292840953,0.18895113948981307,-0.09296276427320586,-0.03158508861688676
245,Growth,0.006789598812472493,0.0,zero_alpha,1986-03-01,2005-02-01,228,1.0837846363260644,-0.059058750269681326,0.24943861813874796,0.04759538999507456
246,Growth & Income,0.007155169638092498,0.0,zero_alpha,1976-05-01,2003-08-01,328,0.7294676566853782,0.48723628535828145,0.021982247863502898,0.05540121926302617
247,Growth,0.02245505647854287,-0.025452246575697366,unskilled,1977-04-01,1996-08-01,233,1.0604084200607562,0.17013255188327495,0.24671972602162712,-0.34433354636400476
248,Growth,0.014505255343243977,0.0,zero_alpha,1976-12-01,2003-01-01,314,0.9469256656740753,0.13208084422667823,0.08884402385569913,0.11697886187892353
249,Growth,0.0128467701482173,0.0,zero_alpha,1975-01-01,1984-09-01,117,0.7912044098069455,0.31795025473275196,-0.07184614479009688,0.04249132943303768
250,Growth,0.016465871302607314,-0.027000878765448526,unskilled,1977-06-01,1994-07-01,206,0.63730913710189,-0.08123685980007325,-0.08807144064185145,0.10460732978653561
251,Growth,0.006171661403128801,0.0,zero_alpha,1981-04-01,2002-10-01,259,0.929528943218247,-0.15228841383212852,0.10232175014992025,-0.1730265393170894
252,Growth & Income,0.017874323397921617,-0.036106933396121935,unskilled,1980-05-01,1994-08-01,172,1.1671569474911105,0.27208789486040924,0.15408512586654172,-0.027365976274358998
253,Aggressive Growth,0.02390166307178796,0.0,zero_alpha,1984-06-01,1989-09-01,64,1.2012027000112093,-0.10491767700220225,0.18935853714017387,-0.14372941848483706
254,Growth,0.018514397883341038,0.0,zero_alpha,1995-04-01,2002-02-01,83,1.0033064316005145,-0.10500253843736415,-0.06230770227514861,0.13169020643193127
255,Growth,0.01429070224618367,0.0,zero_alpha,1975-03-01,2005-03-01,361,1.244300849576337,0.3791890078052219,0.025041171280894475,-0.19076748131027413
256,Aggressive Growth,0.024217619772229772,0.0,zero_alpha,1979-04-01,2000-07-01,256,0.9435588375564882,0.30126602749598497,0.10680808185106529,-0.11929821728834812
257,Growth & Income,0.01877032827806827,0.0,zero_alpha,1978-09-01,1990-09-01,145,1.0929955327464171,-0.14345738561322782,-0.08679300518737239,0.10014711924079717
258,Growth,0.00613920871420133,0.0,zero_alpha,1984-09-01,1996-08-01,144,0.8823153666640359,0.015215989264665913,-0.2369880067605534,-0.07440617984158716
259,Growth & Income,0.018400930636262632,0.0,zero_alpha,1983-08-01,1989-07-01,72,0.8728101741073777,-0.05593288898658,-0.17125421334042468,-0.11925859851835878
260,Growth,0.006193917255058852,0.0,zero_alpha,1975-01-01,2005-07-01,367,0.8483736324679045,0.6140798245101451,-0.0582070885095971,0.1560079144310274
261,Aggressive Growth,0.01114459765579936,0.0,zero_alpha,1976-09-01,1984-07-01,95,0.6409206579313531,0.39650260689265215,0.12244142784406022,0.1621567634887802
262,Aggressive Growth,0.017313669608054347,-0.029848493205212233,unskilled,1980-08-01,2006-01-01,306,1.1430638389920367,0.06478878849868151,0.2417954991144204,0.12831067888114978
263,Growth,0.009312320323737269,0.0,zero_alpha,1976-03-01,1987-08-01,138,0.8537551341292975,0.3140486723358732,-0.28120944174692414,0.14730645109104398
264,Growth,0.005763783691885982,0.0,zero_alpha,1989-02-01,2003-02-01,169,0.8297841830367205,-0.1690465464827073,-0.12946900278599655,-0.01473689184070846
265,Aggressive Growth,0.017359073775597738,0.0,zero_alpha,1993-01-01,2005-05-01,149,0.7730042477580986,0.0018384622026267894,-0.08157249941265035,-0.010688946195492297
266,Growth,0.010717145657660222,0.0,zero_alpha,1977-04-01,2004-06-01,327,0.9193460845195575,0.19621581648547157,0.14894340646132875,-0.07721219178004039
267,Growth,0.015659284486783963,0.0,zero_alpha,1983-03-01,1988-12-01,70,1.2145238465839614,0.28305768728647823,-0.11562210707770003,0.0451593751573966
268,Growth,0.010222911578092422,-0.0398602012782662,unskilled,1988-08-01,2003-01-01,174,1.2640668276234075,0.145635218621639,-0.09594646698949437,-0.05918474909887721
269,Aggressive Growth,0.018728576938576245,0.0,zero_alpha,1994-03-01,2006-08-01,150,0.7008699686296875,0.2320033776785565,-0.2923985154300448,-0.044959930889046554
270,Growth,0.022914027823194082,0.0,zero_alpha,1977-05-01,1989-08-01,148,0.8968328006035576,0.18958411498828157,0.08668146319465181,0.109985065097435
271,Growth,0.006731296055912839,0.0,zero_alpha,1996-02-01,2006-03-01,122,0.7948463344859452,0.12910564949442066,-0.042279814919310925,0.19768088682715698
272,Growth & Income,0.020726373709095174,0.0,zero_alpha,1977-04-01,2006-11-01,356,1.098250661181728,0.09596360195227659,-0.1408090069959193,0.07973903814051424
273,Aggressive Growth,0.008121901102406981,0.0,zero_alpha,1977-05-01,1992-07-01,183,0.992989032094089,0.06343378183055397,-0.06190264489641932,0.2891473797863852
274,Growth,0.011588195743586223,0.0,zero_alpha,1975-11-01,1992-01-01,195,0.8545146008930247,0.22798437715714703,0.2153991003862526,-0.08582733580491222
275,Growth,0.012147305916499136,-0.032334765864491,unskilled,1986-11-01,2002-03-01,185,0.9608859620886528,0.27270389729986405,-0.21097738166396862,-0.25569619588138875
276,Growth,0.009126199780365218,0.0,zero_alpha,1975-01-01,2006-06-01,378,0.8783872067888436,0.2195897918297085,-0.17833192622071925,0.12719418343843314
277,Growth,0.0065046868172607495,-0.030570869301987283,unskilled,1985-10-01,1999-11-01,170,1.1921369141562344,-0.1246492625002649,0.2404504894931242,-0.0957750328970097
278,Growth,0.020369729605256258,0.0,zero_alpha,1976-02-01,1990-04-01,171,1.0320439272524058,-0.07973196278579689,0.005154965603771515,-0.02105383626630453
279,Growth,0.020872550785465512,0.0,zero_alpha,1987-08-01,2001-05-01,166,1.0504735131374656,0.26972045148701684,0.12395081934238349,-0.24546947651816856
280,Growth,0.024936665807560477,0.0,zero_alpha,1979-03-01,1992-12-01,166,0.5499623782950653,0.5379183251677194,0.07035038200113733,-0.11488153710187395
281,Growth,0.023692084979906543,0.0,zero_alpha,1977-05-01,1984-09-01,89,0.9399816981756783,0.20810386538968884,-0.017066910458789684,-0.20533411248688543
282,Growth,0.013692848467696448,-0.03277264741034401,unskilled,1975-09-01,1996-12-01,256,1.262481643858855,0.06708289688075146,-0.0796598238297113,-0.045145489513045534
283,Growth,0.007667760290835466,0.0,zero_alpha,1979-12-01,1985-07-01,68,1.1489193605055026,0.2260851138606939,0.15631160449676373,-0.03918272408244251
284,Growth & Income,0.005214000160390504,0.0,zero_alpha,1986-05-01,1997-05-01,133,0.6729365621119545,-0.11420535562835712,0.222467313562231,0.033494061732231344
285,Growth,0.015630350769943006,-0.03083915055186872,unskilled,1976-08-01,1986-12-01,125,0.9029861250974609,0.4972357891341159,0.20683766940321935,0.20595844465327628
286,Aggressive Growth,0.02221132821665696,0.0,zero_alpha,1990-06-01,2003-03-01,154,0.7697720801121918,0.21664853612700707,-0.2470943267295368,0.1215359397346728
287,Growth,0.010358074791610408,0.0,zero_alpha,1979-01-01,2004-05-01,305,1.2066652340544306,0.002635696697362938,0.2509822035688658,-0.22332544543157215
288,Growth,0.008978827359761382,0.0,zero_alpha,1978-03-01,1999-04-01,254,0.9866417423413862,0.12830113347678124,-0.08158705083952901,0.11120231534192848
289,Growth,0.013779067435416445,0.0,zero_alpha,1975-03-01,2006-12-01,382,0.8348306660402846,0.03824094198409608,-0.1610059075089669,0.03676320461621896
290,Growth,0.02287065601904469,0.0,zero_alpha,1986-07-01,2000-12-01,174,0.9551236915311183,0.4979174942042085,-0.04386553935369468,0.005326035194585292
291,Growth & Income,0.014033476635408892,0.0,zero_alpha,1976-05-01,2006-05-01,361,0.5588951706397274,0.11943997763823523,0.1562256870497464,0.016595070509416134
292,Growth,0.019454258119954288,0.0,zero_alpha,1979-07-01,1985-08-01,74,0.7872558044815134,0.20884143652889822,0.09809283680561251,0.05068286421293825
293,Growth,0.014250524203493868,0.0,zero_alpha,1984-08-01,2003-02-01,223,0.9554665588739464,0.31343161416282295,-0.06107728237085355,-0.08378301865203479
294,Growth,0.012459177628858883,0.0,zero_alpha,1978-01-01,2004-07-01,319,1.0768513052679982,-0.015191650941135504,0.15753317337559494,-0.007352628628696137
295,Growth,0.013818241089922849,0.0,zero_alpha,1987-07-01,2006-10-01,232,0.6588028819103988,0.21842736653378927,0.017972116151886985,0.1975908685837751
296,Growth,0.020368010653467588,0.0,zero_alpha,1975-11-01,2006-01-01,363,0.8928267038446356,0.23860889234855248,-0.12459429310787486,-0.08558586766383003
297,Growth,0.020088121117560195,0.0,zero_alpha,1987-08-01,2001-01-01,162,1.1014528607778233,-0.21851970525515527,-0.15160705659169865,-0.13448319642626433
298,Growth,0.013635163572308005,0.0,zero_alpha,1983-12-01,1989-09-01,70,0.7322820013440091,0.2331741221944025,0.07204696888432399,0.01074389781892237
299,Growth,0.01035234850857331,0.0,zero_alpha,1975-03-01,2001-01-01,311,0.984377425217626,0.15855948376421522,-0.026503547163120332,-0.14958496851345215
300,Aggressive Growth,0.007782540781674905,-0.033190868719873326,unskilled,1978-03-01,1984-12-01,82,0.9598961754659004,0.20249157302899917,-0.28510103068272724,-0.23841746821815077
301,Growth,0.005027393887504635,0.0,zero_alpha,1980-07-01,2006-02-01,308,1.2071570480534903,0.17890742837264165,0.15943229861390062,-0.03167007656122246
302,Growth & Income,0.0072651516614657945,-0.0358974119836271,unskilled,1980-05-01,2005-02-01,298,0.9154795710332543,0.23479246823752054,-0.10605500572488408,0.23729328268458852
303,Growth,0.00829310530383796,0.0,zero_alpha,1976-07-01,2004-04-01,334,0.9242599102437394,0.5043358064190395,0.3084239295977589,0.014209385618466047
304,Growth,0.018798755819621774,0.0,zero_alpha,1984-11-01,2002-09-01,215,1.0782439629747032,-0.12487685302127735,-0.2905979970309422,0.046786564167232016
305,Aggressive Growth,0.02135831753857512,0.0,zero_alpha,1975-01-01,2004-03-01,351,0.7510476997925983,0.08446191612489498,-0.04614171927800228,-0.2995222537226688
306,Growth,0.01973891332462418,0.0,zero_alpha,1975-11-01,1985-05-01,115,0.9168675190173712,0.3366546572407091,-0.14999553688784553,0.08571882386614206
307,Growth,0.019464655344047108,-0.03429337642469667,unskilled,1982-10-01,1999-06-01,201,0.8816412483739233,0.29023146693197777,-0.20508450407546777,0.03400487919646879
308,Growth & Income,0.02488641229448238,0.0,zero_alpha,1989-11-01,1998-01-01,99,0.9291632280942349,0.28485138833552104,-0.10735814335167533,-0.07973722420590315
309,Growth & Income,0.024251954786419814,-0.030334648136908726,unskilled,1980-12-01,2006-08-01,309,1.0772609673444256,0.8583943039183344,0.3441135218073963,0.04700757071035609
310,Growth,0.010376943902584732,0.0,zero_alpha,1980-11-01,2005-02-01,292,1.0331242227623259,0.32353388102917646,0.01867403401590071,0.04551824257369401
311,Growth,0.007902014990967134,0.0,zero_alpha,1976-05-01,2003-02-01,322,0.8376976537206985,0.45273444906375626,-0.1683416077594858,-0.13892318925369032
312,Aggressive Growth,0.008065964758713764,0.0,zero_alpha,1980-03-01,2005-10-01,308,0.9705048804990818,0.0932319852868729,-0.375725682067481,0.06977805901698644
313,Growth & Income,0.022912133414225655,0.0,zero_alpha,1984-03-01,1997-06-01,160,1.1735662421150785,-0.07822809347432053,-0.3542725092695373,0.1995703133790732
314,Growth,0.007046936959115685,0.0,zero_alpha,1995-11-01,2002-08-01,82,0.8252951451804041,0.09142064269159153,-0.11729262882374707,-0.014191221321027483
315,Growth,0.011802883377628408,0.0,zero_alpha,1975-04-01,2005-05-01,362,0.9717750170595518,0.34799004283585105,-0.13673759682773204,-0.11013913036556618
316,Aggressive Growth,0.01560693056842145,0.0,zero_alpha,1975-05-01,1993-08-01,220,0.9210258984592057,0.27170696370729386,-0.05481014124689709,-0.006637010470259254
317,Growth,0.01726901007366375,0.0,zero_alpha,1976-06-01,1983-11-01,90,0.9405492476244834,0.27081284264971994,-0.46443676008717033,0.1481919792596643
318,Aggressive Growth,0.016914652756297496,0.0,zero_alpha,1976-12-01,2006-12-01,361,0.7054013566625899,0.11641390330071807,-0.0283363190093067,-0.16394782589459084
319,Growth,0.020728154442798498,0.0,zero_alpha,1975-01-01,2006-11-01,383,1.1616144281468306,0.07654934529675618,0.19554595502942154,0.10678373881762715
320,Aggressive Growth,0.01643386527085534,0.0,zero_alpha,1989-03-01,2006-02-01,204,0.8338472148667725,0.12503568892668054,0.31456824947283907,-0.08170216877807211
321,Growth,0.022020930786628548,0.0,zero_alpha,1979-07-01,2005-04-01,310,1.1039107955230298,0.3511188625413032,-0.38888922958342786,0.056309462206960606
322,Growth,0.006692604481443696,-0.03273764340120176,unskilled,1978-10-01,1984-08-01,71,0.8567935087928733,0.38018185704260454,-0.17027855184783114,-0.06464969125683451
323,Growth,0.02217930907120288,0.0,zero_alpha,1996-03-01,2003-08-01,90,0.856174302215636,-0.0815604124178069,-0.18084677219490705,-0.06505254326223413
324,Growth,0.016800063215540072,0.0,zero_alpha,1977-11-01,1990-03-01,149,1.13196848756982,0.3605856398578623,0.019144285505130004,0.2484642374352571
325,Growth,0.00945865131700701,0.0,zero_alpha,1976-05-01,1999-01-01,273,1.0990826905216886,0.007319692310942594,-0.2539544935752907,-0.19136298858002376
326,Growth,0.024554863773957332,0.0,zero_alpha,1988-07-01,1997-01-01,103,0.9812998848445974,0.28723041296026336,0.32645264974533617,0.09280492663183164
327,Growth & Income,0.023794685474576596,0.0,zero_alpha,1982-07-01,1988-05-01,71,1.064172582470948,0.12200856438437797,-0.0012955056628520447,0.279698661638193
328,Growth,0.02191451643347423,-0.03346085592901778,unskilled,1977-08-01,2000-08-01,277,0.90671708296154,0.5614471373097462,-0.034629257859842354,0.1228282889709234
329,Aggressive Growth,0.023231922712269426,0.0,zero_alpha,1976-03-01,2001-12-01,310,0.9487448558421665,0.06548134275471361,0.3085427467565555,-0.1796645528558773
330,Growth,0.012642834420906131,0.0,zero_alpha,1979-04-01,2004-03-01,300,0.8507563411304271,0.21465296022369582,-0.013209524816669635,-0.17223707633731083
331,Growth & Income,0.00955609744899179,0.0,zero_alpha,1975-02-01,2001-08-01,319,1.0856097423950388,0.3216482893898569,0.07006068129973776,-0.0927438064969602
332,Growth,0.008658077233184638,0.0,zero_alpha,1976-04-01,2002-11-01,320,0.8459880003248971,-0.04848971253072051,-0.16015965465840987,0.043686186727981205
333,Growth,0.022475199370218347,0.0,zero_alpha,1980-12-01,2002-02-01,255,1.1727734517406778,0.1517857361432637,-0.28410041301087674,0.05389140411335783
334,Growth,0.021532626978021736,0.0,zero_alpha,1981-05-01,2000-04-01,228,0.9026248747520264,0.10335377884421569,-0.13207232630084614,-0.17075448314495392
335,Growth,0.02461876766669875,0.0,zero_alpha,1977-09-01,2005-10-01,338,0.9530762846024501,0.04154662914850671,0.42739516778896486,-0.11091361876704499
336,Growth & Income,0.021965042029081942,0.0,zero_alpha,1978-10-01,1993-02-01,173,1.06380920309815,0.06006924962919011,0.11660418965739118,-0.10172237304700303
337,Aggressive Growth,0.017647318278529806,0.0,zero_alpha,1990-11-01,1998-05-01,91,0.9535796631784372,0.4480036495341986,0.044906967422209995,-0.0071120212172339214
338,Aggressive Growth,0.007845635017431001,0.0,zero_alpha,1980-02-01,2005-05-01,304,0.9053137528572034,0.020362316309916695,-0.20527467803703994,0.3177043185936612
339,Aggressive Growth,0.008296950767084608,0.0,zero_alpha,1982-08-01,1994-12-01,149,0.9454964828287292,0.31160197066790146,0.17225016019676917,-0.11997805984351713
340,Growth & Income,0.014473990535927513,-0.03753522841021744,unskilled,1975-02-01,2006-07-01,378,1.0840727530336376,0.24864875050778606,-0.2815386548627583,-0.12654367497036823
341,Growth & Income,0.020355910622887313,0.0,zero_alpha,1983-11-01,1999-12-01,194,0.8505721666794941,-0.17924502894379393,-0.3234112899364763,-0.14997104427157665
342,Aggressive Growth,0.008465507803555044,0.0,zero_alpha,1977-05-01,2005-04-01,336,0.9310644489090102,0.2997923596066103,-0.12177742457632917,0.1153316856863348
343,Growth,0.02331035015857705,0.0,zero_alpha,1977-06-01,1983-06-01,73,0.9515430091006213,-0.18337830243942357,0.38089818239228956,0.013798760546734701
344,Growth,0.018675814609737117,0.0,zero_alpha,1980-03-01,2002-12-01,274,1.0796877793291484,0.32702295704129003,0.36957884647852235,-0.11443398222549377
345,Growth,0.01124618180892839,0.0,zero_alpha,1977-04-01,1994-04-01,205,0.9350231939192845,0.04320208921728799,-0.10024738565010875,-0.03441933756674981
346,Aggressive Growth,0.022715191843211007,-0.03435762403724975,unskilled,1983-04-01,2000-09-01,210,1.2212448641740583,0.17209181331411305,-0.14483980363959686,-0.09872654514365518
347,Growth,0.016972607363618816,0.0,zero_alpha,1993-07-01,2005-08-01,146,0.9265192133427357,-0.1535699874065847,-0.338072408111956,0.0643836921783868
348,Growth,0.01966316964050253,0.0,zero_alpha,1975-06-01,2006-08-01,375,0.9143474542392079,0.20059558090120402,0.005606145104016878,0.42265649101945035
349,Aggressive Growth,0.012708844125111154,0.0,zero_alpha,1987-07-01,2003-01-01,187,0.9243451817573402,0.40173760449265494,0.022402550397623885,0.10262966085383549
350,Growth,0.01287101078626655,0.0,zero_alpha,1976-04-01,2004-03-01,336,0.7525037857012984,-0.031741357005655196,0.14791125083938247,0.006051722733895447
351,Growth,0.005252351409629407,-0.03055440300655008,unskilled,1989-05-01,2005-10-01,198,0.7944909729861972,0.01820822846399725,0.1721415026650328,-0.0797463231231929
352,Growth & Income,0.015758040455100188,0.0,zero_alpha,1995-12-01,2002-02-01,75,0.870399966539136,0.28365525589187235,-0.04948438353292659,-0.18151001228272745
353,Growth,0.020215936116677335,-0.029229417493379532,unskilled,1978-01-01,2006-09-01,345,1.1203744773275195,0.2899045809117348,0.10120557495191689,0.13005345971045532
354,Growth,0.02437649027173208,0.04247592490985842,skilled,1991-05-01,2001-04-01,120,0.9450310910956984,-0.4385448246021266,-0.15012777356930723,0.12190312675494801
355,Growth,0.022844536734164752,0.0,zero_alpha,1987-11-01,2000-01-01,147,0.8773033715576439,0.6738515909456934,0.09740850667213714,-0.049915149503620915
356,Growth,0.0067398218270551,-0.03389081277019695,unskilled,1977-01-01,2005-03-01,339,1.1339802118409892,0.30213837088708284,-0.11144641563691175,0.20200009744139275
357,Growth,0.024610402407136172,0.0,zero_alpha,1977-09-01,2006-10-01,350,1.182676569933839,0.3442296656132404,0.08189170319338758,0.023166040832762726
358,Growth,0.00798961378001701,0.0,zero_alpha,1976-12-01,2006-08-01,357,1.138307369136164,0.13411488833449578,0.06570026505707306,0.13621411030927028
359,Growth,0.005822285967841661,0.0,zero_alpha,1981-06-01,1997-11-01,198,0.8220365004147263,-0.29383837713806116,0.0037607251390128563,0.06442955030495173
360,Aggressive Growth,0.019978596709364506,0.0,zero_alpha,1975-07-01,2000-12-01,306,0.8757127069709516,0.33868051531256005,0.14890794363187088,-0.006570381981645744
361,Growth,0.023117729006583026,0.0,zero_alpha,1975-01-01,1988-10-01,166,1.2220604105472077,0.02870299294227846,-0.3240798142721371,-0.12323269169612304
362,Growth,0.023995658120503794,0.0,zero_alpha,1976-08-01,2001-07-01,300,0.9861709538000033,0.305982923545835,-0.222983243644188,-0.0018304888544006942
363,Growth,0.02149952215532424,0.0,zero_alpha,1975-11-01,1994-05-01,223,0.9098559402655881,0.11529973243431782,-0.06401193471060686,0.14630760033422704
364,Growth,0.009098124314227608,-0.03497200176099367,unskilled,1980-06-01,1986-09-01,76,1.0577521941996255,0.22950984477909436,-0.2986526775346646,-0.05622026678491404
365,Growth,0.008080058289888222,0.0,zero_alpha,1976-09-01,1992-11-01,195,1.1010948601037167,-0.02374909535231115,-0.09137290291094106,0.08596120934047675
366,Growth,0.0061793695514290575,0.0,zero_alpha,1989-02-01,2006-09-01,212,0.8642825643607603,0.3860972356697329,-0.08492605901551005,-0.1424103823036005
367,Growth,0.016639381597882464,0.0,zero_alpha,1976-12-01,1988-10-01,143,0.9829159937929897,-0.12709475986441796,0.25193675733333876,0.1370087504195537
368,Aggressive Growth,0.014744423523260823,0.0,zero_alpha,1985-08-01,2000-08-01,181,1.0889840103825588,0.7313923563347975,0.018506740458292474,0.06694120047349425
369,Growth,0.00718567216872743,0.0,zero_alpha,1979-09-01,1998-03-01,223,0.775956928106022,0.7294871587467531,0.19588591521277562,-0.16031661382547516
370,Growth & Income,0.014296542373431257,-0.028672073818432856,unskilled,1979-06-01,1985-09-01,76,0.9518518186139209,0.5781748963666277,0.050334943761943626,-0.013602178528241828
371,Growth,0.016346471810689742,0.0,zero_alpha,1991-02-01,2000-02-01,109,0.7828415520423927,0.4888697464436276,-0.11713345424641307,0.15971613639775542
372,Aggressive Growth,0.019459092870209967,-0.033424420331912875,unskilled,1981-02-01,2006-10-01,309,0.8024629254609783,0.14886291044158978,0.016743361549302428,-0.16885488109798363
373,Growth,0.013283951400668414,0.0,zero_alpha,1988-11-01,2003-04-01,174,0.8655349883779544,0.46163667643680206,0.1358852667864346,-0.14064253579374014
374,Aggressive Growth,0.011367048941568793,0.0,zero_alpha,1985-05-01,2006-09-01,257,1.0215679306819205,0.1459558754309681,0.22868026528851618,0.009575456782026022
375,Growth & Income,0.018313583963082598,-0.026112940555111527,unskilled,1981-12-01,2002-02-01,243,0.9016966057042798,-0.21837938556132672,-0.03646201258688667,0.33999960956482916
376,Growth,0.018684472860910906,0.0,zero_alpha,1983-03-01,2003-01-01,239,0.852737281254739,0.545800353507672,-0.33950212877058883,-0.0808867126059247
377,Growth,0.010408571133396374,0.0,zero_alpha,1977-04-01,1993-05-01,194,0.9577331844987439,0.4522061157306263,-0.3535604514843804,0.09429109993782434
378,Growth & Income,0.005396461644742534,0.0,zero_alpha,1986-12-01,2004-12-01,217,0.7779555907600355,0.16216522308614117,-0.07528252202337737,0.05902031114020266
379,Growth & Income,0.02391381139485039,0.0,zero_alpha,1978-08-01,2005-10-01,327,1.0143204826750865,-0.13629606433278754,-0.47758030022959463,-0.06842798503983157
380,Growth & Income,0.020105728129183445,-0.04041434885807903,unskilled,1975-04-01,2006-04-01,373,1.1197080142937463,0.023449830855256565,0.3490208931473661,0.04417000276773125
381,Growth,0.00902208668926708,0.0,zero_alpha,1982-02-01,1993-12-01,143,0.9381193938517982,-0.28528639622187746,0.1093866462799467,-0.04717519931424327
382,Growth,0.0163133130198773,0.0,zero_alpha,1980-06-01,2003-06-01,277,0.9196026510049687,0.4062702131544943,-0.13713340189944898,-0.033670718517476744
383,Growth,0.01689895061352139,0.0,zero_alpha,1975-01-01,2006-03-01,375,1.0060160529823354,-0.23082724171604505,-0.23192951880175916,-0.22919078541597
384,Aggressive Growth,0.007519772639913585,0.0,zero_alpha,1997-01-01,2002-02-01,62,0.6457295871752682,0.2417077175366691,0.19562381919522198,0.016334564770051747
385,Growth,0.008833141746791165,0.0,zero_alpha,1976-08-01,2002-10-01,315,1.03052261848968,-0.040923336944922034,-0.23272743113020114,0.1548640259933826
386,Growth,0.02413413032927576,-0.03682558381116186,unskilled,1976-01-01,1994-05-01,221,1.4152828705617293,-0.18667586124986915,-0.2136453527202105,0.028613866216952825
387,Growth,0.015160217200417953,-0.03928577909927833,unskilled,1975-04-01,2006-05-01,374,0.9315985668327919,0.22958877331964295,-0.16318918800533838,0.18357616412336447
388,Growth,0.008828844387869522,0.0,zero_alpha,1984-08-01,2005-02-01,247,0.9321312449425504,0.08655015367199216,0.012817482914865052,0.10704911689175257
389,Aggressive Growth,0.02095149508188017,0.0,zero_alpha,1976-03-01,2003-10-01,332,1.0615410500149525,0.37954727635634194,0.11415948782947968,0.011068804050467007
390,Growth,0.014411466050669456,-0.03146059777828483,unskilled,1987-03-01,1996-07-01,113,1.1967999002296943,-0.14690131718217672,0.2285344466831326,-0.07418883295102278
391,Growth & Income,0.017768241665453873,-0.03597068145012712,unskilled,1993-11-01,2002-08-01,106,1.0962451766651202,-0.01932866136845554,0.19899425978934035,-0.0529395573042106
392,Growth,0.010950030672771578,0.0,zero_alpha,1975-01-01,2005-01-01,361,0.6266589682124675,-0.4269105521227228,-0.009845258153051671,-0.2005765710905682
393,Growth,0.006158081965125611,0.0,zero_alpha,1984-10-01,2003-12-01,231,1.034509825649412,-0.37608667058198064,0.19410439475126676,-0.020061833514748908
394,Growth,0.008298884471280885,0.0,zero_alpha,1978-06-01,1998-06-01,241,1.3357895217862512,0.6195481024946282,-0.14419992279527208,0.04189981378462304
395,Growth,0.0244607380629197,-0.031667270920703976,unskilled,1990-08-01,2000-02-01,115,1.0433661570139197,0.6908995610249173,-0.3741732028923933,0.277313164669885
396,Growth,0.01747176871656431,0.0,zero_alpha,1978-12-01,1989-12-01,133,0.7768097130092375,0.19318155130598824,-0.14422621434210164,0.0992480484918315
397,Growth & Income,0.02162170397148811,0.0,zero_alpha,1975-09-01,2002-09-01,325,0.992274443662792,-0.0359571914766279,-0.1712521028552575,-0.10972809702069654
398,Growth,0.0054303911584763845,0.0,zero_alpha,1989-11-01,2002-12-01,158,0.7578969122988399,0.09538776862747327,-0.13639741435983538,-0.1959052413278209
399,Growth,0.020309250023087342,0.0,zero_alpha,1984-02-01,2004-10-01,249,1.1349205533903288,0.388393550621591,-0.20187494584837784,-0.010982813080685886
400,Aggressive Growth,0.014699041330837277,0.0,zero_alpha,1993-03-01,2006-08-01,162,0.8066176117958112,0.04140274504448849,-0.10222191551594242,0.14176466702416238
401,Growth,0.018306157537423946,0.0,zero_alpha,1988-07-01,2000-07-01,145,0.9611365452038034,0.2294084667604223,0.11400344281871562,-0.013092450504158182
402,Growth,0.012164100806815497,-0.031999578034542925,unskilled,1985-07-01,1994-11-01,113,0.8213329997012229,0.1668109873796876,0.33305142053251435,0.10129762625083932
403,Growth,0.01741737653637781,-0.030360022581429454,unskilled,1975-05-01,2005-06-01,362,0.8680327913678013,0.02779683247928552,-0.35506929485180466,-0.0071688173878282566
404,Growth,0.00571239535575516,0.0,zero_alpha,1975-06-01,2005-10-01,365,1.1729225968790742,0.03845181350203222,-0.26754692538014885,0.12755006520733986
405,Growth,0.005911774250734216,-0.03397302561429794,unskilled,1990-07-01,1998-07-01,97,0.9655185747340546,0.24333021792137707,-0.16828925174563353,-0.21958870340584918
406,Growth,0.020976728198102958,0.0,zero_alpha,1981-02-01,1995-07-01,174,0.8661196289411419,-0.07422203409686035,0.14314837548731854,0.2606273180219151
407,Growth,0.007489305356008804,-0.02413322548762379,unskilled,1980-09-01,2000-11-01,243,0.7782158043669916,0.28293233640587906,-0.050989488594609944,-0.1468725172335566
408,Growth,0.0052796786917227315,0.0,zero_alpha,1977-10-01,1993-01-01,184,0.6692447770400844,0.052105260087704525,-0.15482184462072457,0.1390598494594666
409,Growth,0.023249129792733067,-0.03128787131964718,unskilled,1978-04-01,2002-09-01,294,0.762307904971597,0.20184182616205756,0.13334660154108427,-0.02082759920034326
410,Aggressive Growth,0.010310635254870748,0.0,zero_alpha,1979-10-01,1991-09-01,144,0.9667938862166566,0.5159906415421397,0.18127805326839377,0.0026258149449649056
411,Growth,0.016647643265928765,0.0,zero_alpha,1977-11-01,1984-05-01,79,1.0970350653083996,0.1279519886932619,-0.01375199188472604,-0.016165285895522238
412,Growth,0.021778339410770096,0.0,zero_alpha,1977-05-01,1991-05-01,169,0.8659472761366698,0.3999510850479981,-0.17324384532410878,0.05834068775772398
413,Aggressive Growth,0.019918141588508572,0.0,zero_alpha,1980-08-01,2001-09-01,254,1.1855815401078522,-0.2780082139709571,0.04405591344707855,0.08862868149213425
414,Growth,0.005932556416218667,0.0,zero_alpha,1983-02-01,1992-11-01,118,0.8423749366657659,0.05240924658985134,-0.05665364169051338,0.17875422677346023
415,Growth & Income,0.016218974017176865,0.0,zero_alpha,1975-06-01,2002-06-01,325,0.9142982415680181,0.17692215526901822,-0.05820264875709212,0.23119233238960674
416,Growth,0.015835957341908794,0.0,zero_alpha,1988-10-01,1993-12-01,63,0.7880634919494122,0.6508326698016148,-0.11248004372036725,0.06977323201650536
417,Growth,0.012001603564209241,0.0,zero_alpha,1979-02-01,1985-10-01,81,1.0986142601851783,-0.3199880208149726,0.1749966494644178,0.27705113587524566
418,Growth,0.02007125962736703,0.0,zero_alpha,1975-03-01,1993-11-01,225,1.264626592106685,0.1459475345268058,0.03997604526535878,0.03394588142337169
419,Aggressive Growth,0.024280113159510393,0.0,zero_alpha,1976-10-01,1995-07-01,226,0.6857274558595703,0.5341722127290658,0.19714017637792605,0.1816160543379386
420,Growth,0.00794373307871828,-0.03407678630089843,unskilled,1983-08-01,1996-06-01,155,0.8980756897047952,-0.026255101316717988,0.25726522909562516,0.0843079509359221
421,Growth,0.007904480074887244,0.0,zero_alpha,1994-02-01,2006-01-01,144,1.1397169770575053,0.11679029739358245,0.08179615377332815,-0.06238069471380486
422,Growth,0.019694720389217383,0.0,zero_alpha,1981-02-01,1987-11-01,82,0.7329581717861597,0.2529347462638849,-0.1112954229770304,0.04718512315697655
423,Aggressive Growth,0.014088328203325565,0.0,zero_alpha,1977-08-01,2000-06-01,275,1.0350025860456629,0.2161271384306951,0.19806524644395695,0.09547578162636876
424,Growth,0.02090437861159432,0.0,zero_alpha,1979-02-01,1994-04-01,183,1.1332208300311355,0.5614426188636036,0.08313294045567089,0.015170280289608908
425,Aggressive Growth,0.007821552192941412,0.0,zero_alpha,1983-06-01,1991-07-01,98,0.9617343221535255,0.28211845251830797,0.5106735553615278,0.08192847769963345
426,Growth,0.005797150882844202,0.0,zero_alpha,1986-09-01,2002-05-01,189,1.0325394606410199,0.5019432238785548,0.05202057769893729,0.1498044438990342
427,Growth,0.018958681497032823,-0.0327725283962495,unskilled,1975-07-01,2005-10-01,364,1.2141353579191412,0.07999791067252217,0.12953760780281676,0.016494028700616087
428,Growth,0.02489422105908221,0.0,zero_alpha,1988-03-01,2000-02-01,144,1.2422639831151718,-0.015131352812574134,0.04808477825920634,-0.42158315030237214
429,Growth & Income,0.006895964205914012,0.0,zero_alpha,1977-08-01,2006-09-01,350,0.9407049180448275,0.11356920174509114,-0.02981971837362362,0.2717405227240056
430,Growth,0.022286757789009397,0.0,zero_alpha,1994-01-01,2005-12-01,144,0.870143322605115,-0.1197757733419004,-0.061758309917513285,-0.024638714533049295
431,Growth,0.012705794815468295,0.0,zero_alpha,1987-06-01,1997-05-01,120,0.8120029833389455,0.2908779240525238,0.048848768931713346,-0.10349203312484466
432,Growth & Income,0.005335790905862143,-0.028088248287911694,unskilled,1989-04-01,2001-03-01,144,1.0965446225643067,0.07353047181118859,0.09423515036277105,-0.14861654434792265
433,Growth,0.015200435859424214,0.0,zero_alpha,1991-11-01,2005-07-01,165,0.7442336663313547,0.002052775005631169,0.22087757992888502,-0.030466885350046723
434,Growth,0.010577084142496397,-0.0305200300515645,unskilled,1993-09-01,2001-11-01,99,0.9121138943013196,0.29466460240525044,0.051770111660752856,-0.0644121746975473
435,Growth,0.018868062830403605,0.0,zero_alpha,1978-05-01,1999-02-01,250,0.9654034656431698,-0.11592894449357213,-0.1025778350850458,-0.09055141958270366
436,Aggressive Growth,0.010756612448701838,-0.03884079599622832,unskilled,1977-05-01,1991-04-01,168,0.8745496230921868,0.36262555346394865,-0.07537079931979668,-0.08231894047668596
437,Growth,0.014634002468660923,0.0,zero_alpha,1975-11-01,2000-03-01,293,0.9919730397528685,0.05041565287715981,-0.2745873885806362,0.09946142360897335
438,Growth & Income,0.009011305026883784,0.0,zero_alpha,1987-03-01,2005-05-01,219,1.3346769977439137,0.45977411102354604,0.322242768714462,0.3245545161504652
439,Aggressive Growth,0.02156203516087121,0.0,zero_alpha,1983-06-01,2000-04-01,203,0.9317602114480186,0.0718156054426082,-0.11823472270416974,0.14308573970223518
440,Growth,0.02350862923736216,0.0,zero_alpha,1979-03-01,1996-11-01,213,0.8846891558858915,0.32797741663948105,0.18348809202758132,0.18838972771318552
441,Growth,0.013066715084329276,-0.023338441972950277,unskilled,1982-12-01,1992-01-01,110,1.102299773657278,0.21489059344322647,0.045310171488506724,-0.03661150471701084
442,Aggressive Growth,0.01397760065135965,0.0,zero_alpha,1977-03-01,2001-05-01,291,0.9859375466218282,0.3559754684286217,0.050746366167881383,0.03569980483258668
443,Growth & Income,0.02465367346423064,0.0,zero_alpha,1994-07-01,2002-03-01,93,1.1659003656817064,0.19748672303690684,-0.033489575054467376,0.08397236063454304
444,Growth & Income,0.007842309534493268,0.0,zero_alpha,1979-08-01,2004-01-01,294,0.9747031429729577,-0.24584935308581093,-0.1675597777253347,-0.0789336840464155
445,Growth,0.021172390291800774,0.0,zero_alpha,1975-01-01,2006-12-01,384,0.9127365188043449,0.42219838481053307,-0.20370708009839503,-0.04385951058236756
446,Aggressive Growth,0.016345572117004825,-0.0325174413403298,unskilled,1980-08-01,2006-03-01,308,0.6824412667858166,0.14807926938552318,0.3356930777609874,0.1481827937499615
447,Aggressive Growth,0.02261468841808376,0.0,zero_alpha,1979-06-01,1996-08-01,207,0.707039795928239,0.36737901933870326,0.012792215767449206,0.18354391326501632
448,Growth & Income,0.010848570896538238,0.0,zero_alpha,1983-10-01,1997-03-01,162,0.6746451964359346,0.3425616192172142,0.21505354923753017,0.030111540427288697
449,Growth,0.010923159324406866,0.0,zero_alpha,1975-06-01,2003-12-01,343,1.0069008749426358,-0.023324120252835423,0.2669813875290502,-0.15927357711680895
450,Aggressive Growth,0.011516398961108142,-0.026663887917140083,unskilled,1994-08-01,2006-06-01,143,0.745662578019881,-0.05869885129382421,-0.09216938601984284,-0.024338797482648705
451,Aggressive Growth,0.0053326216464591085,-0.039235562362115436,unskilled,1982-03-01,2000-02-01,216,1.1383366048879073,0.33383877536225104,0.07470115318556886,-0.19619967017588075
452,Growth & Income,0.008397857981561166,0.0,zero_alpha,1978-06-01,2004-03-01,310,0.954536984728393,0.09418774264737156,-0.000997844901730452,0.03128036147520904
453,Aggressive Growth,0.024891732822396505,0.0,zero_alpha,1975-11-01,2005-09-01,359,0.9133719621347496,0.4041073198666243,-0.24144276060337777,0.05831046669071281
454,Growth & Income,0.00997897147567865,0.0,zero_alpha,1975-08-01,2005-06-01,359,0.8234217387193492,0.1254497642842442,-0.04709599518085121,-0.020606563155666464
455,Growth,0.005398341955212782,0.0,zero_alpha,1998-06-01,2005-09-01,88,1.043338812240531,0.42585244436207204,0.1075013180478455,0.056256683357480686
456,Growth,0.010570806280769913,0.0,zero_alpha,1976-05-01,2005-07-01,351,0.8293253270686383,0.27582612105227544,-0.10980585100217158,0.08253518586257587
457,Growth,0.013167803359691733,0.0,zero_alpha,1991-03-01,1999-03-01,97,0.8021932993895179,0.24199374842853713,-0.07496863907437225,0.05852930643606857
458,Growth & Income,0.015955745585647673,0.0,zero_alpha,1975-06-01,1996-02-01,249,1.1282524880908023,0.07649720031493142,-0.04467337107712903,-0.16022954384453947
459,Growth,0.006371320397308529,0.050102075061237004,skilled,1975-07-01,2005-08-01,362,1.0031931741162534,0.22810690351537916,0.4123058662620207,-0.017989648826904184
460,Aggressive Growth,0.020808578394095324,0.0,zero_alpha,1982-07-01,2005-02-01,272,0.9147605857627591,0.46821317873817736,-0.37680978742088794,0.0814764467399402
461,Growth & Income,0.021510025363941154,0.0,zero_alpha,1975-02-01,2005-08-01,367,1.0462149477100575,0.15644613533417007,0.09032865980545181,0.25680676569589994
462,Growth & Income,0.009263211577434028,0.0,zero_alpha,1976-10-01,1990-12-01,171,0.9513397809666048,0.30279361092096385,-0.060667815450432976,-0.02078886253580461
463,Aggressive Growth,0.02096836376469957,-0.032897596066413,unskilled,1990-01-01,2003-06-01,162,1.0074519725677524,0.18159001906242653,-0.13813098170048674,0.10262603006721646
464,Aggressive Growth,0.012228538148825133,-0.03548711911650138,unskilled,1980-08-01,1994-05-01,166,0.8274728146436817,0.2011510106863555,-0.06557514143125308,0.1517227867885735
465,Growth,0.013462203557652687,0.0,zero_alpha,1979-10-01,1994-04-01,175,1.2605597913365933,0.6008526892345747,0.1234752487666846,-0.009494154755883936
466,Growth,0.02372776508628033,0.0,zero_alpha,1979-11-01,2003-03-01,281,0.8630570048485662,0.47043250775988776,0.13490471880411214,0.19226116212310101
467,Growth,0.022838087819200346,0.0,zero_alpha,1977-11-01,1995-01-01,207,1.1834024490424966,0.1898509537989296,0.027203424486950616,0.20032607471463446
468,Aggressive Growth,0.01250221426380978,0.0,zero_alpha,1975-04-01,2000-02-01,299,0.9216696726043285,0.22361352198400852,0.20854826329132542,0.22705771010917858
469,Growth,0.014762206114452052,0.0,zero_alpha,1975-01-01,1991-03-01,195,1.0710645673482444,-0.005467625887742217,0.24376659902011527,0.08876482534782978
470,Growth,0.01073047576065985,-0.030417528691633458,unskilled,1976-06-01,1989-09-01,160,1.0601335248539203,0.12675711343376173,0.15327518839012289,0.37402058744863037
471,Aggressive Growth,0.015308685166973236,0.0,zero_alpha,1978-06-01,1988-06-01,121,1.1220277632725069,0.24734944688715377,-0.11923849022944379,-0.07229246691465117
472,Growth,0.018638158056698863,0.0,zero_alpha,1983-06-01,2003-04-01,239,0.8239064439253783,0.382653397392282,0.08888830984257533,0.33861163792684096
473,Growth & Income,0.00685335394551263,0.0,zero_alpha,1975-11-01,2005-01-01,351,1.1113453101918291,0.35730522422772976,0.0898401318277139,0.13524492329876492
474,Growth,0.023396822523513796,-0.03394904901577884,unskilled,1975-04-01,2003-06-01,339,1.2269659776367159,-0.10731476397612758,-0.17312628672931035,0.22105809995400774
475,Growth & Income,0.019377479362893597,0.0,zero_alpha,1975-04-01,1987-01-01,142,0.9111960531137214,0.4142456826696579,-0.3238877788108516,-0.028005663181256666
476,Growth,0.006935053663231443,0.0,zero_alpha,1981-10-01,1999-08-01,215,0.9552059100713183,0.1478065801556118,-0.41455512427491115,0.14667120544456438
477,Aggressive Growth,0.02237977983957685,0.0,zero_alpha,1981-09-01,2005-09-01,289,0.8714830036279768,-0.07674783891938447,0.0039710980224303295,0.2340461245496544
478,Aggressive Growth,0.019873657324856644,0.0,zero_alpha,1978-07-01,2000-01-01,259,0.898034562172235,0.5040961843579804,0.04960794297338363,-0.14310379655858085
479,Growth,0.011262536336654975,0.0,zero_alpha,1976-08-01,1983-04-01,81,1.2067134198398735,0.5358197491844883,-0.24635631553048287,-0.00449894227231289
480,Growth,0.015428661765957558,-0.030312127256005333,unskilled,1977-07-01,1998-06-01,252,0.7993648210804694,0.2359367455851651,0.19920646651027252,-0.30118790323467814
481,Growth & Income,0.02220261318379332,0.0,zero_alpha,1988-01-01,1993-12-01,72,0.8086821767223842,0.34719840047630873,0.020443629859282435,-0.006749946527373499
482,Growth,0.024362512461805576,0.0,zero_alpha,1979-07-01,1987-07-01,97,1.1916351404621566,0.36186230218610804,0.2598905229830705,-0.10240122901901293
483,Aggressive Growth,0.010621547918952649,-0.026427037777113117,unskilled,1984-03-01,2006-10-01,272,1.0436822638832544,0.5189430382030628,0.06410717399671821,-0.012665153195010253
484,Growth,0.01801116364654649,0.0,zero_alpha,1993-07-01,2001-03-01,93,1.2680555373563787,0.3520171313579313,-0.2232667143758303,0.45854650364069893
485,Aggressive Growth,0.022204938479855215,0.0,zero_alpha,1981-03-01,1995-04-01,170,0.882434204326122,-0.16192206935964218,0.08165624265802979,0.2776705260195798
486,Growth,0.024763336976858903,-0.04196530185527078,unskilled,1985-08-01,2006-06-01,251,0.9689421705856354,0.672451937242782,0.12402213897442028,-0.19591713050509482
487,Growth,0.006414369772926243,-0.04001129770529462,unskilled,1978-01-01,2000-09-01,273,0.8508984584342293,0.4364142223700107,-0.11952471717740115,0.10336074523991075
488,Growth,0.01507243931641657,0.0,zero_alpha,1977-02-01,1994-01-01,204,0.9714951752971543,0.04261894868180885,-0.298418599461975,0.13983966305888573
489,Growth,0.02247331523678964,-0.030421974982048298,unskilled,1998-01-01,2005-06-01,90,0.6838854954073543,-0.0874062680893524,0.010059212861321254,-0.030684563005688458
490,Growth,0.005063162485990564,0.0,zero_alpha,1980-04-01,2006-10-01,319,1.0527431834982512,0.29620335760102096,-0.21016892706323698,0.04674614047378241
491,Growth & Income,0.013744704392108863,0.0,zero_alpha,1975-06-01,2006-01-01,368,0.9985211125238507,0.1004349904081052,0.21417753261222636,0.06139733111224972
492,Aggressive Growth,0.016683974482392654,0.0,zero_alpha,1976-11-01,2005-10-01,348,0.9413668006301121,0.2524988384997398,-0.09143533608531851,-0.18199170592927905
493,Growth & Income,0.015529806171132286,0.0,zero_alpha,1976-03-01,2001-05-01,303,0.8914453513100502,0.35585171031956586,0.3349202212986597,-0.13469940311292222
494,Aggressive Growth,0.019655453726684965,-0.036934285392141185,unskilled,1985-06-01,2001-03-01,190,0.815786901894785,0.028389528000801162,-0.4348317335037672,0.045844507766148554
495,Aggressive Growth,0.0063104417390796195,0.0,zero_alpha,1977-05-01,2005-12-01,344,1.059156936804914,-0.10902699817108433,0.016959120829029596,0.03491037919726504
496,Growth,0.020708334471716865,-0.028312422157664566,unskilled,1984-11-01,2002-12-01,218,0.774336502144489,0.26645461696799455,0.275878528020264,-0.08628440731259035
497,Growth & Income,0.010663410722669669,-0.02550385851106967,unskilled,1988-04-01,1996-11-01,104,1.0267843868073865,0.03665303618075663,-0.18806086317745938,-0.09915642097807668
498,Growth,0.021484587730479114,-0.031308792839706584,unskilled,1977-11-01,2005-10-01,336,1.2611677092214186,0.20652394643309954,-0.04184018712540711,0.006533112549319094
499,Growth,0.013389758535585179,-0.03153936670782945,unskilled,1985-03-01,1998-10-01,164,1.1728282232966447,-0.16583160924056614,-0.09060714287280879,0.15292264294749092
500,Growth & Income,0.005858371836059928,-0.03101611951671521,unskilled,1976-05-01,2006-09-01,365,0.724230808599402,0.10695431888134062,-0.14675352843045658,0.00852713435796948
501,Growth & Income,0.02427829531342763,-0.03497074977848397,unskilled,1978-01-01,1992-11-01,179,0.8694892909485046,0.3487379727599992,0.03892452822285626,0.2634096245953474
502,Growth,0.020610985809940936,-0.0394109269872141,unskilled,1976-09-01,2005-02-01,342,1.0132176110833007,0.3214831269116992,-0.26908432019982076,-0.08437308214938413
503,Growth,0.011956320645646987,-0.03021564470425245,unskilled,1980-03-01,1999-08-01,234,0.9394577116978474,-0.02708949271831715,-0.03219375626604513,0.048966470218223895
504,Growth,0.010400547364367263,-0.027680859931509056,unskilled,1982-09-01,2000-03-01,211,0.7400891422576368,-0.1220660923295129,0.0931988475369147,-0.03314431436560089
505,Aggressive Growth,0.016779274569001083,0.0,zero_alpha,1977-09-01,1990-08-01,156,1.0077973927210235,0.17394092243794804,-0.053018742277328626,0.10819414196196653
506,Growth,0.024745892056478227,0.0,zero_alpha,1976-06-01,2003-12-01,331,0.948497465732555,0.3102581992548522,-0.21004083999715514,-0.09723818233377943
507,Aggressive Growth,0.010803336483594954,0.0,zero_alpha,1999-04-01,2005-10-01,79,1.237148811290567,0.2712937850481378,0.19603707972030035,0.30910966309906335
508,Growth,0.023965422334923058,0.0,zero_alpha,1976-07-01,1994-02-01,212,0.912015694607383,0.04196003890967254,0.13605139232337002,-0.23359186046140093
509,Growth,0.011607742392371782,0.0,zero_alpha,1985-11-01,2000-09-01,179,1.1252005077989886,0.24445611062165085,-0.21823743426074826,0.2773220359520369
510,Aggressive Growth,0.019081955305156,0.0,zero_alpha,1983-04-01,2002-11-01,236,0.7599367395305037,0.5455888678189987,-0.2688215130045083,0.03349827036632492
511,Growth,0.012634687155840797,0.0,zero_alpha,1984-08-01,1996-05-01,142,0.7957986053155237,0.2212861718272569,-0.20038488319876488,0.10286368726203697
512,Aggressive Growth,0.006701044480172976,-0.03434701170101362,unskilled,1975-04-01,1998-02-01,275,1.0582492939714234,-0.238286983954655,0.09905463309744307,0.22017873546379363
513,Growth,0.02372378731226578,0.0,zero_alpha,1975-07-01,1990-11-01,185,1.112559617091106,0.22080008452516056,0.04511457979250914,0.1486492242749104
514,Growth & Income,0.008278559894331919,0.0,zero_alpha,1981-01-01,1991-01-01,121,0.8063910910888411,0.6809892428031523,0.14801654248914284,-0.08950403316895919
515,Growth,0.023893829359951973,0.0,zero_alpha,1977-03-01,1987-06-01,124,0.9536116109725867,-0.15184770327889888,-0.07523004361012298,0.11001343328939028
516,Growth & Income,0.0070661365185771,0.0,zero_alpha,1975-10-01,1999-07-01,286,0.7427631239706383,0.17743116545725554,-0.19494684750002145,0.3001210958951925
517,Aggressive Growth,0.010338948899129976,0.0,zero_alpha,1978-03-01,1990-03-01,145,0.922817026054178,0.1134161417419664,0.1737692976828998,-0.11309375682412336
518,Growth,0.02341846997389111,0.0,zero_alpha,1978-08-01,1991-10-01,159,1.075538417843619,0.193970739818766,-0.1206897026902328,0.33776427667909664
519,Growth & Income,0.01817081725815146,0.0,zero_alpha,1983-07-01,2005-05-01,263,0.8847562251295782,0.21856303828844295,0.027309611170795715,0.0778553728952846
520,Growth,0.008789668716833912,0.0,zero_alpha,1986-08-01,2000-06-01,167,0.9126447941084296,0.4549929965157311,-0.31998496782307484,-0.044984165788038585
521,Growth,0.01684186622910563,0.0,zero_alpha,1975-07-01,1990-12-01,186,0.7805306902555922,0.19119582160020265,-0.12396208486455985,-0.11399340769123813
522,Growth & Income,0.00860782416071108,0.0,zero_alpha,1987-11-01,1999-05-01,139,0.8527462379562611,0.4893148893030118,0.19187926418830267,-0.013493061161241205
523,Growth & Income,0.022488841353406838,0.0,zero_alpha,1977-06-01,1991-09-01,172,1.2137166374321506,0.14058608530337938,-0.15325491333397154,-0.2732917496605743
524,Aggressive Growth,0.005996572146770451,0.0,zero_alpha,1978-07-01,2002-03-01,285,0.9609387337575699,0.08246580650634174,0.1529007642902999,-0.04228667035881811
525,Growth & Income,0.015595553955549967,-0.027297176418043932,unskilled,1975-06-01,1994-10-01,233,0.7996538350024103,0.0027042542403485637,-0.47620393923763876,-0.019439086578341754
526,Growth,0.0062694605165892515,0.0,zero_alpha,1975-01-01,2006-12-01,384,0.9027842075123013,-0.2842717572800382,-0.12187833192863722,-0.14116204736686294
527,Growth,0.018900455021352507,0.0,zero_alpha,1975-07-01,2001-04-01,310,0.7103858568250156,0.23894535298145997,-0.044270929175626514,0.13217677923565396
528,Growth,0.023715944703873348,0.0,zero_alpha,1978-07-01,1983-11-01,65,0.7978760461789681,0.6835000721179607,0.33850806066848116,-0.012814943168408085
529,Growth,0.02162132899343307,-0.0362662167527941,unskilled,1982-04-01,1997-06-01,183,1.154050960856968,0.28455886932146535,-0.24381257600289039,-0.07536918169216415
530,Growth,0.012434556503052703,0.0,zero_alpha,1983-11-01,1996-08-01,154,0.9286276363420092,0.3416868385404199,0.12419865908941795,-0.02880009026028153
531,Growth,0.009738098109595184,0.0,zero_alpha,1978-12-01,1999-09-01,250,1.2336095264151807,0.06674216874638625,0.20138635624975876,0.07326612099737703
532,Growth,0.0074205498477376616,0.0,zero_alpha,1987-05-01,1999-06-01,146,0.9356978242255916,0.10891665218158234,-0.1542979294488549,0.03098318157004913
533,Growth,0.02247247974765066,0.0,zero_alpha,1975-08-01,2006-09-01,374,0.9446031955712756,0.4161603720833156,-0.08470478975453796,-0.08514626321313665
534,Growth,0.006622182580948249,0.0,zero_alpha,1988-11-01,2001-11-01,157,1.0461341237813184,0.6721734100724551,0.0183257547623807,0.03884802110606661
535,Aggressive Growth,0.01757658383155533,-0.04037341472352178,unskilled,1982-07-01,2001-07-01,229,0.5491118626670898,0.541986983949205,-0.3062969934385059,0.01239860636506139
536,Growth,0.012345349389934139,-0.024443857833616394,unskilled,1988-01-01,1996-03-01,99,0.9807408985480361,0.3713111574320055,-0.10102064237227133,-0.1509196334723219
537,Aggressive Growth,0.024915566367419283,0.0,zero_alpha,1976-03-01,2005-09-01,355,0.9426520267908572,0.17878764484762724,0.2452224081892832,-0.02327570402608908
538,Aggressive Growth,0.015176466270366899,0.0,zero_alpha,1975-07-01,2005-02-01,356,1.172905834027272,0.22242972856683088,0.09453096217288412,0.1069007405631332
539,Growth,0.01597581899406822,0.0,zero_alpha,1977-10-01,2004-02-01,317,1.0947019091245425,-0.01837682985706357,-0.04135025789664856,0.10582073898447623
540,Growth & Income,0.023357775700297026,0.0,zero_alpha,1975-03-01,1989-08-01,174,0.7799462471679799,-0.19204188032566424,0.012614472367296665,-0.014494649860509069
541,Growth & Income,0.024392738065016455,0.0,zero_alpha,1999-08-01,2006-02-01,79,1.136320792794137,-0.11169958943998523,0.10618107310595433,0.12151591921789649
542,Growth,0.01667272922189079,0.0,zero_alpha,1977-11-01,2002-01-01,291,0.9106528211628507,0.18245000863048438,0.14448202958202272,-0.12699332454769324
543,Aggressive Growth,0.020923641494847003,0.0,zero_alpha,1986-09-01,2003-03-01,199,0.8143320160555931,0.0970019346433307,-0.12128282947582042,-0.12234817572899888
544,Growth,0.01769533498216893,0.0,zero_alpha,1975-04-01,2006-12-01,381,0.9795654876306803,-0.19736042617992114,0.2969441886559339,-0.017688244494052093
545,Growth,0.013548009279872372,0.0,zero_alpha,1979-02-01,2002-11-01,286,0.9195845966504272,0.16066915523756597,0.2532696402409322,0.2446349204130703
546,Growth,0.0061463071454939365,-0.03163935246143065,unskilled,1985-10-01,2005-04-01,235,1.1807697971042785,0.09039241888351378,0.12545152607064256,0.044487743980730854
547,Aggressive Growth,0.01935487747083567,0.0,zero_alpha,1975-03-01,2006-10-01,380,1.0010933042736814,-0.12321221382102007,-0.17859197316917824,-0.02130487144986581
548,Growth & Income,0.019005255447212984,0.0,zero_alpha,1975-09-01,2002-04-01,320,0.9808488381329008,0.07745524734498238,-0.21404478135411864,0.251620700180997
549,Aggressive Growth,0.007334046133774506,0.0,zero_alpha,1975-05-01,1992-08-01,208,1.0850970624283158,0.08976174982091396,-0.07532075931931864,-0.023040765280530767
550,Aggressive Growth,0.009601377499127315,0.0,zero_alpha,1978-08-01,1984-01-01,66,1.1139307427139067,0.015840715018883345,0.002153019528882163,0.3552099855928991
551,Growth,0.01964256373749411,-0.03348285476767354,unskilled,1998-03-01,2005-08-01,90,1.0675407641445949,0.40166754119398496,-0.36369837311181047,-0.05669246854311184
552,Growth,0.007994239551890797,-0.042660231403656546,unskilled,1982-02-01,1999-01-01,204,1.162919520922243,-0.30572539052332803,0.08893862670905124,-0.13175930938769517
553,Growth,0.018818700688654735,-0.03547971305835351,unskilled,1978-10-01,1998-11-01,242,1.0413023619370683,-0.3264497476777428,0.2474924527696944,-0.004954296227781332
554,Growth,0.01935954382409755,0.0,zero_alpha,1986-09-01,1992-05-01,69,0.9751477197090053,0.17082144611227298,0.10529482796617548,-0.017362639125552557
555,Aggressive Growth,0.012066877118798523,0.0,zero_alpha,1981-01-01,1989-05-01,101,1.1358758093132044,0.1940317973480765,-0.14521056056084702,-0.10115799645239244
556,Growth,0.01016363699558854,-0.021357651337824177,unskilled,1982-01-01,2005-12-01,288,0.9363655789876791,0.27105378400474334,-0.16888067948009813,0.4102961117237655
557,Growth,0.012460788222072264,0.0,zero_alpha,1981-09-01,2006-12-01,304,0.9549869774516991,0.035256622930226494,0.04997046883481574,0.06779398517078747
558,Growth,0.012183932427857879,0.0,zero_alpha,1977-03-01,1982-11-01,69,1.2082365375945372,-0.05948095127308292,-0.04066074306763596,0.08963743605073754
559,Growth,0.017140396114091648,-0.0304781663548487,unskilled,1984-08-01,2003-03-01,224,1.1932886191932845,0.16817096682626315,0.07860823485118162,-0.04928189007053818
560,Growth,0.019876965994377268,-0.02776708007078298,unskilled,1983-05-01,1990-06-01,86,0.9487736289615015,0.05960546616300097,0.11034427452112695,-0.06665040771176947
561,Growth,0.022235052697007276,0.0,zero_alpha,1975-05-01,1999-11-01,295,0.8819672634041574,0.5577678511639236,0.20837810577893243,0.17383375335765505
562,Growth,0.005599845680042281,0.0,zero_alpha,1979-02-01,2006-08-01,331,1.1694760250312748,0.08894318751870206,-0.2364246857859044,-0.23137626588846413
563,Growth,0.01953103114738739,-0.03391593660567994,unskilled,1975-03-01,2003-08-01,342,1.070062753687282,0.15670371207073053,0.0343237895698624,-0.15142967091855528
564,Growth,0.011283720365783206,0.0,zero_alpha,1977-03-01,1998-04-01,254,0.9973371881296044,0.7888545348994856,-0.08269500079226469,-0.01709627584113319
565,Growth & Income,0.021772840214209437,-0.03711748746310932,unskilled,1975-04-01,1997-03-01,264,0.9017190934715082,0.12130994331732829,-0.02972700878707229,0.22265709584514676
566,Growth,0.006514339194820225,-0.03931721000918502,unskilled,1975-12-01,2005-12-01,361,0.999754486807189,0.3090392162997727,0.1628817705337488,-0.036177545945421066
567,Growth,0.01602349020346133,0.0,zero_alpha,1981-04-01,2002-10-01,259,0.9467437310168446,0.3315773583465883,0.1846251746102487,0.08242273359112946
568,Growth,0.01597347179508027,0.0,zero_alpha,1979-10-01,1996-10-01,205,0.8503492730640506,0.35285041092955366,0.26968873007673083,0.024159301908213738
569,Aggressive Growth,0.011530229243504567,-0.032669114822580204,unskilled,1975-06-01,2000-10-01,305,0.9693563492880852,0.2423718163528131,0.07511805007365355,0.21443876194052125
570,Growth,0.024406131947067304,-0.034288497154784124,unskilled,1976-04-01,1997-03-01,252,0.9898136068459411,0.21846019860262741,-0.032003358151158866,-0.2177084527319382
571,Growth,0.007138463023373751,-0.029805034206308503,unskilled,1979-01-01,2006-09-01,333,0.8936907399619654,0.19508357245927904,-0.06057569389007674,0.13039448055841654
572,Growth & Income,0.007727944670698445,0.0,zero_alpha,1985-05-01,2004-06-01,230,1.0855738532914276,0.026001524441556706,-0.3569510004789338,-0.009834839461389584
573,Growth & Income,0.017885191963765503,0.0,zero_alpha,1978-05-01,2006-10-01,342,1.1433248588466483,0.25137970070981713,0.2579470089797208,0.15873262908791116
574,Growth,0.015285984492873064,-0.03794381527161425,unskilled,1988-10-01,1994-11-01,74,1.0954846540483119,0.677161459356148,-0.074379682757134,-0.1028923159150473
575,Growth,0.010289342571040937,0.0,zero_alpha,1989-04-01,1995-02-01,71,0.9085627422179008,0.4726704772408894,0.0911794120005821,0.02365896047942577
576,Growth,0.011085435929148837,0.0,zero_alpha,1994-03-01,2001-10-01,92,1.0633732256282558,0.2459795055561592,0.12579930514848656,0.004623993363097406
577,Growth,0.008140466174176386,0.0,zero_alpha,1982-06-01,2002-05-01,240,0.961694209619006,0.3839574495264976,-0.2590631018100279,-0.1303653206980619
578,Growth,0.022355282778237465,0.0,zero_alpha,1978-06-01,2002-07-01,290,0.7646381032151072,-0.04729397718266304,-0.19466927849192694,-0.17206195194204457
579,Aggressive Growth,0.016390377462793808,0.0,zero_alpha,1981-03-01,1991-12-01,130,1.0509094067746618,0.10487196145007033,0.2994039814110988,-0.06706170427947136
580,Growth,0.009896691523076633,-0.031073371752923087,unskilled,1986-02-01,1995-03-01,110,0.9719197461435422,0.40696246104601386,0.04808710313670883,0.039489669349249926
581,Growth,0.012868415154186855,0.0,zero_alpha,1975-03-01,2003-05-01,339,1.339032200310396,0.5417917983645479,-0.12611713285970322,-0.0935368336456739
582,Growth,0.023133701086097663,0.0,zero_alpha,1976-04-01,2001-06-01,303,1.168590629491784,-0.022716543023844488,-0.035269402225508756,-0.029511034454172688
583,Growth,0.02273682323306126,0.0,zero_alpha,1982-01-01,2004-06-01,270,1.0566725235401786,0.04910292264421072,0.20724738096656778,-0.2628696031725356
584,Growth,0.006382133822264156,-0.03172823207304809,unskilled,1987-01-01,2005-02-01,218,0.9873755751932269,0.7153439484696341,0.17686289594686083,-0.03559748807255951
585,Growth,0.01808200276559406,-0.03681045558170813,unskilled,1976-08-01,1992-11-01,196,0.9745583382587026,0.19406531244224312,-0.30321635244792866,0.173537996993751
586,Growth,0.008059423419394477,0.0,zero_alpha,1977-07-01,1982-12-01,66,0.7994465894550338,0.6258404931750947,0.3168567687343785,0.12577704889551244
587,Growth,0.009217667310965143,0.0,zero_alpha,1976-11-01,1986-11-01,121,0.6891519159200133,0.22171432931894813,0.18322960619973594,0.006961709445928468
588,Growth,0.022284151844928327,0.0,zero_alpha,1977-03-01,2006-05-01,351,0.8191161336377653,0.23154507058135881,-0.04049504986831724,0.05654790875212448
589,Aggressive Growth,0.022903806349519162,0.0,zero_alpha,1980-07-01,1994-08-01,170,0.9428424472744354,0.09362727808502565,-0.2483444886173441,-0.10423905933912359
590,Growth,0.006653838317878971,0.0,zero_alpha,1977-08-01,2001-07-01,288,0.6341691082686524,0.40563878537755715,0.2008017280121851,0.2636658024937101
591,Growth,0.022478466589573875,0.0,zero_alpha,1975-02-01,1999-01-01,288,0.8683517311590876,0.509444387576,0.08528550005892394,0.33016437597708576
592,Growth & Income,0.01956987105686449,-0.035194389241216706,unskilled,1993-03-01,2006-06-01,160,0.912858045031336,-0.08875055753521674,-0.3015596756155531,0.044723544605896066
593,Aggressive Growth,0.02051420726533398,0.0,zero_alpha,1984-05-01,1994-10-01,126,0.9176860169771812,0.08188736194489082,-0.05641561507167541,0.4086028754092239
594,Growth,0.02083630655291621,-0.03863196358869782,unskilled,1981-09-01,2005-04-01,284,0.8507414602717782,0.3987696310935551,0.6152345885584978,-0.08202735573030133
595,Growth,0.01514466543475991,0.0,zero_alpha,1992-05-01,1999-10-01,90,0.89877292784279,0.13761284055391804,-0.006699648517115695,-0.16766188601034296
596,Growth,0.023938152859764035,0.0,zero_alpha,1976-12-01,1995-03-01,220,1.2085840742185792,0.046653632866697464,-0.1583941188671314,-0.0864435631141177
597,Growth,0.009007192079611905,0.0,zero_alpha,1977-06-01,2006-05-01,348,1.0493217922235905,0.4223855384673505,-0.21169932506132813,-0.012923539761248614
598,Growth & Income,0.015099302150350859,-0.031200041932132806,unskilled,1979-04-01,2003-06-01,291,0.8659548834652775,0.4458633011781278,0.34441979668588396,0.3668099826804445
599,Growth,0.011371051597768092,0.0,zero_alpha,1978-11-01,2004-06-01,308,0.9397478317457054,0.05758947733196536,0.1595518979155376,-0.022173869110893914
600,Growth,0.02144862485605015,0.0,zero_alpha,1979-12-01,1987-02-01,87,0.94575299965216,0.22309163199698642,0.2714878227834455,-0.10894837192060318
601,Growth,0.006654014242575548,0.0,zero_alpha,1993-06-01,2003-09-01,124,0.8348066849389773,-0.13211869897605824,0.039637056818431576,-0.11476882893661551
602,Growth,0.01367356973848536,0.0,zero_alpha,1993-04-01,2005-08-01,149,0.8346304673384217,-0.05387022761967475,0.24080384706655733,0.19100331680649202
603,Growth,0.02046955312490659,-0.03495551712595553,unskilled,1982-10-01,1995-08-01,155,1.101578603049007,0.201041308033345,-0.17966407790958216,0.1695952622463554
604,Growth,0.011246818231154788,-0.0365273952768003,unskilled,1977-01-01,1987-03-01,123,0.8870323433724776,0.1778516968949609,0.02251819618301165,-0.05282172795304155
605,Growth,0.009809525685408976,0.0,zero_alpha,1975-09-01,2006-11-01,375,0.7857955419453693,-0.07171902293265861,0.047410702994547235,-0.26136761741157327
606,Growth & Income,0.010250983095897923,0.0,zero_alpha,1995-02-01,2004-06-01,113,0.9435289483895836,-0.008993481181393842,0.26648938637504416,-0.1492890317063927
607,Aggressive Growth,0.019271802148130904,0.0,zero_alpha,1979-01-01,2003-02-01,290,0.9677014629693685,-0.09626109248888984,0.053768608028091074,0.27818657562493143
608,Growth & Income,0.010735653516776618,0.0,zero_alpha,1981-07-01,2002-04-01,250,0.6540943663709247,0.28376496422830266,-0.13510234834724297,0.12332118268242058
609,Growth & Income,0.013053670909259598,0.0,zero_alpha,1977-05-01,1998-10-01,258,0.943888046327421,-0.321909799172975,0.0028147677840748044,0.029819206333745775
610,Growth & Income,0.015913361748783553,0.0,zero_alpha,1976-06-01,1987-02-01,129,1.080196990152239,-0.08289430739004902,-0.34528264049204815,0.3003249759726587
611,Growth & Income,0.02381520157893384,0.0,zero_alpha,1992-10-01,2005-12-01,159,1.017684407828275,-0.2957353869580802,-0.4741937466540535,0.31374894092172745
612,Growth,0.02088695119773858,0.0,zero_alpha,1980-02-01,2001-06-01,257,1.2844692672792455,0.27475515096449515,0.15626827402165744,0.01460905970580521
613,Growth,0.008705633284480346,0.0,zero_alpha,1980-03-01,1993-03-01,157,1.137666422346827,-0.2806833875136754,-0.0849487772612688,0.01736423592024999
614,Growth,0.022661684650688716,0.0,zero_alpha,1980-10-01,2004-06-01,285,1.167340103712628,0.17793229963388507,-0.06228345979605355,-0.06730700231681151
615,Aggressive Growth,0.021895348663704073,0.0,zero_alpha,1975-09-01,1981-08-01,72,1.370012890387149,0.5798810039368558,0.15618933587332295,-0.022690493122770262
616,Aggressive Growth,0.019904490391097377,0.0,zero_alpha,1977-01-01,1983-11-01,83,1.0637234392661896,0.5883584953177254,0.26940207700891977,-0.20294874637001817
617,Growth,0.015338119495438896,0.0,zero_alpha,1976-10-01,2001-05-01,296,0.9744605311899052,-0.2814768922947053,0.09689759096551662,-0.203557956427609
618,Growth & Income,0.006396299105146224,-0.03369516537950282,unskilled,1979-09-01,2001-04-01,260,1.0960610440146998,0.24460240040773895,0.37561456604356236,-0.23839883033588524
619,Aggressive Growth,0.01923010482778332,0.0,zero_alpha,1984-07-01,1990-08-01,74,0.8661145349907509,-0.07724282409511365,0.0905378268114555,0.1826505510379167
620,Aggressive Growth,0.01536684340845653,0.0,zero_alpha,1975-07-01,2004-10-01,352,0.9661529479242453,-0.1282840089275645,0.050442692715998945,-0.21421033343688448
621,Growth,0.01119549851635912,0.0,zero_alpha,1984-06-01,1989-06-01,61,0.8528408535382529,0.1416325114024815,0.038077764500919827,0.31249434480592325
622,Growth,0.005198760000365477,0.0,zero_alpha,1975-06-01,2006-03-01,370,1.0096976836344322,0.47707278923328134,-0.2670991124267233,-0.08955668367991078
623,Growth,0.009620979615526977,0.0,zero_alpha,1978-11-01,2003-07-01,297,0.8522136367970269,0.31991471855508957,0.18119972112802446,0.2806024860173804
624,Growth,0.017113803551587845,0.0,zero_alpha,1975-03-01,2006-11-01,381,0.8469607250207423,-0.00878523212072016,-0.49909320400305723,-0.03475815142982118
625,Growth,0.007246131726639125,0.0,zero_alpha,1976-04-01,2006-11-01,368,1.0120209939658256,0.34625849935250064,-0.12725057145515567,-0.21492801563807157
626,Growth,0.018108374132234248,-0.030356689988587593,unskilled,1990-01-01,2003-05-01,161,0.9293432838829149,-0.3909270829704198,-0.005413929886477506,0.2125668347098204
627,Growth,0.021393441776440238,-0.031348627392635574,unskilled,1976-12-01,2002-04-01,305,0.6608718296424879,-0.018236449608310085,-0.1679524646826726,0.23027984414498376
628,Growth,0.01136356681472503,-0.024104543717947825,unskilled,1994-04-01,2004-11-01,128,0.7316664618031865,-0.03597288617531266,-0.10035118461456428,-0.11590765004005162
629,Growth,0.006639710789099284,0.0,zero_alpha,1982-06-01,2000-02-01,213,0.7779100262807804,0.1895801729347328,0.35787511324544574,-0.029747839989617584
630,Growth,0.007793975808524369,-0.03887447904184991,unskilled,1978-11-01,1990-04-01,138,0.8175542140829037,0.1192930090850001,0.21080477715633572,-0.11586939048414686
631,Growth & Income,0.0121581786506981,0.0,zero_alpha,1979-10-01,1997-10-01,217,1.0121634994217956,0.1346322265950288,-0.14716553616134784,0.0019209958313421496
632,Growth,0.021268685055168553,0.0,zero_alpha,1977-08-01,2006-02-01,343,0.9828408270607454,0.12632011747346536,-0.1039133021944753,0.036174372116128214
633,Growth & Income,0.017685574394255103,0.0,zero_alpha,1987-08-01,2004-04-01,201,1.1097919057548797,0.17560181024727176,-0.2654007897103688,-0.032707458867314285
634,Growth,0.022357752961923702,0.0,zero_alpha,1984-03-01,1991-08-01,90,1.0629202734412657,0.30503274173955597,0.13099875720122742,-0.2528337093086279
635,Growth,0.024888542252622492,0.0,zero_alpha,1977-11-01,1991-07-01,165,1.1107854434273987,0.2073327565255957,-0.05994849008209516,-0.06713189726350333
636,Growth & Income,0.009051324057983187,0.0,zero_alpha,1976-02-01,2002-04-01,315,1.0412594287188683,0.09891204584886042,-0.4032932941789096,0.12552781453310627
637,Aggressive Growth,0.018896428724735872,0.0,zero_alpha,1976-05-01,1995-05-01,229,0.9814518963637234,0.27043706995119554,0.010156718362011636,-0.011334931389387407
638,Aggressive Growth,0.014330334001258733,-0.038128028818836236,unskilled,1983-04-01,2003-05-01,242,1.1149027613431484,0.37653088591319095,0.07779577672036514,-0.029116094134255876
639,Aggressive Growth,0.014869561218936407,0.0,zero_alpha,1982-10-01,1999-05-01,200,1.087911918761015,0.030993527319342684,0.18262819463501057,-0.11961648175461471
640,Growth,0.011511628071216088,-0.02930942281498037,unskilled,1983-08-01,1996-06-01,155,1.0064143051330987,0.15514931733183107,-0.024670958915354986,-0.07150770537964249
641,Aggressive Growth,0.01185024429998821,-0.027824443770427105,unskilled,1982-05-01,2003-06-01,254,1.1406607806290212,0.4604766407616466,-0.08453423255727632,0.23134221598729401
642,Growth,0.01852563896795535,0.0,zero_alpha,1983-04-01,2005-04-01,265,0.5981317636244905,-0.10569016931683914,0.3872529360979056,-0.1509665885203162
643,Aggressive Growth,0.017416058343920335,0.0,zero_alpha,1977-04-01,2006-06-01,351,0.9064305238789325,0.621175549063986,-0.008682768780089632,0.12812346450278445
644,Growth & Income,0.011370071412548659,0.0,zero_alpha,1976-06-01,1998-01-01,260,0.9041314301522403,-0.16478874368489385,0.13391236631958697,0.02705828313552867
645,Growth & Income,0.007371618376381717,0.0,zero_alpha,1975-02-01,2006-12-01,383,1.1229024316222356,0.08365884719881586,-0.11790792867525172,0.0567215994682103
646,Aggressive Growth,0.01656482574616405,0.0,zero_alpha,1979-03-01,2006-06-01,328,1.1857092495426154,-0.067547499219003,0.12798193032716657,-0.08985344215219267
647,Aggressive Growth,0.019787926899297707,0.0,zero_alpha,1994-05-01,2001-05-01,85,0.7324730944684605,0.7169817492173443,-0.3011257984808196,-0.032766604907187566
648,Growth,0.016172435804290196,-0.03173422326211066,unskilled,1980-06-01,1995-12-01,187,1.1616750761223913,0.04416249278821205,-0.10241350914372672,0.019141972974206382
649,Growth,0.005073013469132826,-0.03717826876412905,unskilled,1981-07-01,1996-11-01,185,0.7742832220960596,0.04478971086786682,-0.2516548478852108,-0.05810004469137943
650,Growth & Income,0.010646310249476054,0.0,zero_alpha,1999-02-01,2004-01-01,60,0.7788177131658766,0.07731281501502023,-0.1309946643738935,0.0697148156054824
651,Aggressive Growth,0.020571586792700238,-0.03043045894271223,unskilled,1975-09-01,1985-06-01,118,0.9148571446508953,0.19390070197348758,0.24009400804621417,0.08861585241846065
652,Growth,0.019850964105534767,0.0,zero_alpha,1978-05-01,2003-11-01,307,0.9022690291801123,0.08788955527387225,-0.13246517786073958,0.3459059935429881
653,Aggressive Growth,0.005208205050829855,-0.030083030678232522,unskilled,1977-01-01,1991-06-01,174,0.7162374080424685,0.13677829884440015,0.13365122509481683,0.061728504404355705
654,Growth,0.014405924655203569,-0.04078864195678315,unskilled,1995-08-01,2004-07-01,108,1.047481696023885,-0.7123024882559343,0.2934530364114081,-0.2668363983278256
655,Aggressive Growth,0.0137463634530068,-0.04063660211596175,unskilled,1975-09-01,1988-05-01,153,1.0519103637089902,0.18428995900045683,-0.01551546272066378,0.19445286212580198
656,Aggressive Growth,0.018045627525818838,0.0,zero_alpha,1975-06-01,1987-10-01,149,1.1081062394245507,0.1744516553716612,0.188753421011256,-0.010580596245428862
657,Growth,0.007499600801299956,0.0,zero_alpha,1982-05-01,1991-12-01,116,0.8849817005333201,0.42964219935309844,0.09621719162773508,0.3217888044405281
658,Growth,0.0174283046576454,0.0,zero_alpha,1979-11-01,1987-06-01,92,0.9440625927541326,0.4972652370698505,0.013287386116706561,0.24063866787579619
659,Aggressive Growth,0.023938360403221018,0.0,zero_alpha,1978-03-01,2003-10-01,308,0.9454359252646035,0.12307298465205063,0.14006311786338588,-0.055790107556734955
660,Growth,0.012434990692305,0.0,zero_alpha,1976-06-01,2003-08-01,327,1.2031993162202697,0.37405727041848885,0.35798761799837076,0.1282854175806763
661,Growth & Income,0.011747128353195163,0.0,zero_alpha,1979-11-01,1998-03-01,221,0.5248632826050172,-0.1053921951112016,-0.13745378250171053,-0.06909327216218315
662,Growth,0.005565470287437559,0.0,zero_alpha,1980-11-01,2002-06-01,260,0.8064583476516345,0.36183558567402613,-0.20184018003521498,0.020403623962204076
663,Growth,0.006147901179108631,0.0,zero_alpha,1976-04-01,2006-01-01,358,0.9508311264187697,0.026881050216355784,-0.2135829091310687,0.1213977221530931
664,Growth,0.02363144893859437,0.0,zero_alpha,1979-01-01,2006-09-01,333,0.7871644647626745,-0.1261743670325137,0.18888559394731094,0.18695003090697648
665,Aggressive Growth,0.024510036930773787,0.0,zero_alpha,1987-08-01,1993-05-01,70,0.9112519464093324,0.12360283044898739,0.21587352462567058,0.154280874332936
666,Growth,0.005112834008731735,0.0,zero_alpha,1975-10-01,2006-06-01,369,0.9310886695445135,0.5201181117994448,-0.11740738666678702,0.03124844478692418
667,Growth & Income,0.023013593726863298,0.0,zero_alpha,1992-03-01,1998-11-01,81,0.8513470836811297,0.2152513841827117,-0.43720270988786947,0.3925135850121825
668,Growth & Income,0.008479200613616417,0.0,zero_alpha,1979-08-01,1985-03-01,68,0.9596703389154009,0.544122036919595,-0.14495134798461715,-0.0347530609790634
669,Growth,0.01622717437312859,0.0,zero_alpha,1985-10-01,2001-08-01,191,1.044222391663672,-0.01718317845395101,0.09957083556139924,-0.22108009475489465
670,Growth,0.018562818470574987,-0.031669846512193914,unskilled,1980-12-01,2006-01-01,302,0.9145600332453496,0.4319627761369975,-0.023344627796566604,-0.1922048942813987
671,Growth,0.012181174211211582,0.0,zero_alpha,1982-12-01,1990-01-01,86,0.8820207899046896,0.006959990690763668,0.02606954935107339,0.24110115951835143
672,Growth & Income,0.015579761835414343,0.0,zero_alpha,1978-06-01,1991-04-01,155,0.9251352625019191,0.22633216787230082,-0.11466888365511957,0.008502062022979323
673,Growth,0.017550843763106106,0.0,zero_alpha,1981-12-01,1993-12-01,145,0.9488845480031616,0.22417070716485377,0.1928178249419529,0.04385862470811381
674,Growth & Income,0.008878525987695875,-0.03279317418519344,unskilled,1979-06-01,1995-02-01,189,0.6889520651998366,0.33537293348104313,0.05863836035092727,-0.06137858198865051
675,Growth & Income,0.024885132431713645,0.0,zero_alpha,1975-03-01,2006-10-01,380,1.0192330876941917,0.23268515497783188,0.10729269447276042,-0.04790537189487848
676,Growth,0.009077636711709719,-0.021615097354731234,unskilled,1990-09-01,2004-07-01,167,0.8823498155829808,-0.01479613445545433,0.021813136605336306,-0.09806437914239421
677,Growth,0.005206769293732374,0.0,zero_alpha,1987-10-01,1998-04-01,127,1.1392302612216576,0.390076738023141,0.09487363272216875,0.09067262199951331
678,Growth & Income,0.02388569184209496,0.0,zero_alpha,1977-12-01,1986-02-01,99,1.0386580213463712,0.6029141485813486,0.0817143376361923,0.005393012369434912
679,Aggressive Growth,0.013582554017282863,0.0,zero_alpha,1981-11-01,1992-02-01,124,1.1255099606329482,0.02404914443597042,-0.1956149256271564,0.08525080667051019
680,Aggressive Growth,0.01297239437852957,0.0,zero_alpha,1991-03-01,1999-09-01,103,0.7983494309427637,-0.2888080191112581,0.06461261907502563,0.07091575779762248
681,Growth,0.010513426369326468,0.0,zero_alpha,1978-10-01,1999-03-01,246,0.894292003821886,0.2948298920884472,0.14830163438930397,-0.04388181004493444
682,Growth,0.005516638535823353,0.0,zero_alpha,1984-03-01,2000-06-01,196,0.7636312268813886,0.08720490148696275,0.22102829323896878,-0.19880959379541813
683,Growth,0.010291363867603022,-0.03571794114406282,unskilled,1984-06-01,2002-10-01,221,0.844221318660601,0.13722428601117587,0.07322142965674257,-0.21186993939990365
684,Growth & Income,0.012866006851319639,0.0,zero_alpha,1976-07-01,2003-12-01,330,1.1378158136762888,0.309044438932753,-0.20305010374630725,0.4739977387542599
685,Aggressive Growth,0.015406584977334447,0.0,zero_alpha,1982-05-01,2002-12-01,248,1.1731235866883742,0.05590189254360038,-0.1722634659148006,0.24172601666349647
686,Aggressive Growth,0.014152884402439649,0.0,zero_alpha,1984-02-01,1993-03-01,110,0.7777800057793309,0.10278700716408216,-0.09702961625058619,0.2210273850336821
687,Growth,0.022580724154080457,0.0,zero_alpha,1977-04-01,1992-05-01,182,0.8812583497524075,0.14497012076585342,0.02789278162730497,-0.08119102104803427
688,Growth & Income,0.023226597238602983,0.0,zero_alpha,1981-12-01,1995-04-01,161,0.9385706491964075,0.5374384844962541,-0.034447220261518634,0.021426460064468033
689,Growth,0.0113430984363143,-0.03564541918871804,unskilled,1977-02-01,2004-05-01,328,1.0378408462714672,0.17751740102839542,-0.23474641312618277,-0.10230441885747561
690,Aggressive Growth,0.02419109187750919,0.0,zero_alpha,1975-01-01,1988-03-01,159,0.6860284604695261,-0.13891839520374002,-0.23594400686301029,-0.17681231427488361
691,Growth,0.02229868344240709,0.0,zero_alpha,1995-10-01,2004-06-01,105,0.7095499877707342,-0.12896962028527878,-0.42970435498133674,-0.06831602805635512
692,Growth & Income,0.023552696330694994,-0.023978728192414298,unskilled,1978-10-01,2003-08-01,299,1.0234439215808604,0.20480748041490032,-0.6338949847736022,0.2189277445144368
693,Aggressive Growth,0.01912661764775594,0.0,zero_alpha,1975-07-01,1992-01-01,199,0.6576442146623114,-0.11235700017274472,-0.036356364590985034,0.14611180503859544
694,Growth,0.008965436866510829,-0.029845894984960583,unskilled,1996-04-01,2003-10-01,91,0.8829803890791694,-0.22057587173104018,0.4540460750285711,-0.12550720024330322
695,Growth,0.008904555853155489,0.0,zero_alpha,1982-03-01,2005-10-01,284,0.974313771283826,0.32888399773350263,0.3493559047582853,-0.0272224075236213
696,Growth,0.023173031261678866,-0.0222449371993685,unskilled,1975-04-01,1985-11-01,128,1.0123498954899675,0.34112460071716116,-0.20564628242459426,0.13236847579048713
697,Growth,0.015140909198688865,0.0,zero_alpha,1975-08-01,2004-01-01,342,0.9287422856684252,0.0779658665265367,0.019980659478122102,-0.0656457092781006
698,Growth,0.022809346143074758,0.0,zero_alpha,1976-09-01,2004-02-01,330,0.8951364921428704,0.24341482278792725,-0.30291590201003316,0.03193793672490955
699,Growth,0.019410957583786338,-0.0381223451586025,unskilled,1983-08-01,1998-07-01,180,1.0766856289574718,0.21703041104887516,-0.2724219061716242,0.08027711705972178
700,Growth,0.009250246086701353,0.0,zero_alpha,1983-10-01,2003-09-01,240,0.9927808889548636,0.3206048464922714,-0.24949451952607596,0.07863958277661964
701,Growth,0.012695196401259075,0.0,zero_alpha,1979-12-01,2000-03-01,244,0.8529475067072809,0.3211874759849499,-0.05509973688836662,0.05812181415354288
702,Aggressive Growth,0.024356504300450166,-0.03456121364535769,unskilled,1980-10-01,2003-05-01,272,0.9556584345023357,-0.48144714688180645,-0.04649192204239524,-0.07805457606737651
703,Growth,0.005391655228870087,-0.033674425149928876,unskilled,1975-04-01,1982-01-01,82,1.0074753533984289,0.10987526037940143,0.04054039416137177,-0.0626461881278223
704,Growth,0.019291677261854878,0.0,zero_alpha,1987-01-01,2000-09-01,165,1.2077355862177073,0.2994760470445333,0.1226432779408566,-0.1500474777280938
705,Growth & Income,0.02457559394150412,0.0,zero_alpha,1995-08-01,2005-02-01,115,1.067948550243737,0.06738585224024639,-0.07737618467903166,-0.21420048902534083
706,Growth,0.007082938918472559,0.0,zero_alpha,1979-05-01,2003-02-01,286,1.1321835283930914,0.1790506598149567,-0.0027596058674743875,0.0027876887464656566
707,Aggressive Growth,0.010439857098937574,0.0,zero_alpha,1986-06-01,1993-03-01,82,0.8584088905550554,0.3576749954195194,-0.22876250133804188,0.14243894218807873
708,Growth & Income,0.01594026241362382,0.0,zero_alpha,1978-11-01,1997-10-01,228,0.8713725640617496,0.19023130831304058,-0.2788994048514363,-0.18704235912309203
709,Aggressive Growth,0.021875298554933986,0.0,zero_alpha,1982-01-01,2006-08-01,296,0.9146930010780514,0.5469798543087167,-0.30979446920966197,0.06094598661863858
710,Growth,0.015130237396754564,0.0,zero_alpha,1975-01-01,2005-08-01,368,0.9284641030042754,0.45174656307028027,0.11984956022564551,0.13769468200750923
711,Growth,0.006191920939891434,0.0,zero_alpha,1980-07-01,1993-03-01,153,0.7987962563295664,0.14035896175714152,-0.07758156961764867,-0.2555100653232018
712,Growth & Income,0.007543686466623069,0.0,zero_alpha,1978-09-01,1983-10-01,62,1.1398900439835227,0.12048845731880535,-0.3842240525648806,-0.020587165020432816
713,Growth & Income,0.01251886737665129,0.0,zero_alpha,1981-06-01,2005-12-01,295,1.0825027456638188,-0.5425810263003411,-0.022617790536721943,0.26693153006875603
714,Growth,0.011450813475210979,0.0,zero_alpha,1988-01-01,1992-12-01,60,0.9041483208047739,0.08837445077736854,-0.2597642663572167,0.10279115266360597
715,Growth,0.009393572623584229,-0.02469277853878899,unskilled,1998-05-01,2005-01-01,81,1.046256597352078,-0.16831722317763162,0.32207576379459435,-0.26056857235934316
716,Growth & Income,0.021802574723715815,0.0,zero_alpha,1975-03-01,2006-11-01,381,0.9834348744505756,0.2253073855001557,-0.12576434431736527,0.1187509193617416
717,Aggressive Growth,0.005537633674974713,0.0,zero_alpha,1977-02-01,2005-05-01,340,1.057974197139706,0.20821767778000044,0.12630119716382424,-0.09216051913424932
718,Growth,0.021586884955541556,0.0,zero_alpha,1979-02-01,2003-02-01,289,0.7483539314711555,0.3439639390066944,0.20779260547699746,0.1236960395139139
719,Growth,0.023433603472915263,0.0,zero_alpha,1975-11-01,2003-05-01,331,0.9281508390203848,0.5191676179870478,-0.20098569051140827,-0.08351226499011608
720,Growth,0.017602220491021284,0.0,zero_alpha,1989-02-01,1996-01-01,84,0.9412942208141306,0.16343264258200793,0.005209423510941565,0.012045133338205243
721,Growth,0.017507007971755282,0.0,zero_alpha,1991-12-01,1999-03-01,88,1.0435463149417477,0.740104077980799,0.10069358027762929,-0.060631415284442394
722,Aggressive Growth,0.007980354259709638,0.0,zero_alpha,1993-05-01,2006-05-01,157,0.85573435982268,0.228112861304976,0.013109234482021353,0.02047365841077584
723,Growth,0.016366354764216638,0.0,zero_alpha,1989-07-01,1995-01-01,67,0.5750103913876405,-0.1575540984291582,0.06222015186196362,-0.06509202608665175
724,Growth,0.012503487878761248,0.0,zero_alpha,1977-11-01,2006-10-01,348,0.7877450423475618,0.029482031222470062,-0.2759258787118308,-0.013530736233171674
725,Growth,0.009580995230403915,0.0,zero_alpha,1999-02-01,2005-07-01,78,0.9408428021433638,0.0768133249230445,0.10080724394290487,-0.15634075124660163
726,Growth & Income,0.016666591117110628,0.0,zero_alpha,1981-06-01,2001-01-01,236,0.9595826338254997,0.3180317877883447,-0.10723283883454181,0.09359893931209871
727,Growth & Income,0.005023809341246925,-0.03208400578752144,unskilled,1976-10-01,2004-10-01,337,1.2025622183937477,-0.06681247505732515,0.059890244656828136,0.04629278129658876
728,Aggressive Growth,0.010528255830843169,0.0,zero_alpha,1976-01-01,2000-10-01,298,1.0374119660987149,0.09550602929765101,0.17399776911029285,-0.22247982611562267
729,Growth & Income,0.018120840485768754,0.0,zero_alpha,1980-07-01,1991-10-01,136,0.9622295418847233,0.12973992980097834,0.12376170150365474,0.16893749903028907
730,Growth & Income,0.014100812210146835,0.0,zero_alpha,1987-09-01,2005-04-01,212,0.9451413084827843,0.057969798086114105,0.05974394509789475,-0.006443193948174476
731,Growth,0.007912810810088978,0.0,zero_alpha,1976-09-01,1996-06-01,238,1.1156275073254538,0.3728538454199296,0.11842565923690336,0.04426435943538648
732,Growth,0.005026362234999156,0.0,zero_alpha,1977-07-01,2003-03-01,309,0.8614834321763842,0.33033034711633896,0.12768221077775704,0.13468425080437785
733,Aggressive Growth,0.010408786281399317,0.0,zero_alpha,1985-11-01,2002-04-01,198,0.9289574318389101,0.46164178377598974,0.2891002322767852,0.06923633635399758
734,Aggressive Growth,0.015981186119102552,0.0,zero_alpha,1979-09-01,1992-04-01,152,0.7866112819792548,0.08724370472220012,-0.01681013989255421,0.1947804737691349
735,Growth,0.01569091130227251,0.023177355810791743,skilled,1980-06-01,2006-11-01,318,1.1628359073042955,0.4706318919119755,0.022791398688477738,-0.023994328330811648
736,Growth & Income,0.0076214379874383975,0.0,zero_alpha,1977-01-01,2005-12-01,348,1.008874840550242,-0.17099927149426145,0.17641336179522232,0.1751644079340559
737,Growth,0.01727394286033374,-0.03485471830760897,unskilled,1975-05-01,1993-06-01,218,0.843871505599408,-0.17709607524746426,-0.1080775219527026,0.03843869267109813
738,Growth & Income,0.0249784875645015,0.0,zero_alpha,1981-07-01,1987-03-01,69,0.9328317484522538,-0.13345042152280331,-0.27705349453559713,0.0961450136760037
739,Growth,0.016697338125222064,0.0,zero_alpha,1985-01-01,2003-06-01,222,1.026447614480942,0.17230292315802237,0.08864603491655414,0.08054437591968563
740,Growth,0.015552763514185088,0.0,zero_alpha,1977-08-01,2006-08-01,349,0.9123921630916586,0.4705945291444389,-0.05120473692318893,0.20610954879642887
741,Growth & Income,0.017452662471858327,0.0,zero_alpha,1975-04-01,2006-12-01,381,0.8698294067431098,0.019464479840092475,-0.25150548234687353,0.12821185603389404
742,Aggressive Growth,0.02259341780521466,0.0,zero_alpha,1988-10-01,2004-07-01,190,0.8518589471023502,0.05082664875889073,0.09010838587596748,-0.04644182204647693
743,Aggressive Growth,0.023919986893912705,0.0,zero_alpha,1976-09-01,1985-08-01,108,1.0008442848861672,0.11599551117266561,0.27622660300584967,-0.07619005659997716
744,Growth,0.005820670315053176,0.0,zero_alpha,1983-07-01,2003-11-01,245,0.8962918581183972,0.3132070308469137,-0.3359485092578172,0.012536877860775095
745,Growth,0.009099876058303076,-0.02635513853639554,unskilled,1975-07-01,2002-11-01,329,0.881936339785588,0.05059367416135656,0.19446499904329625,-0.09401521616188706
746,Growth,0.007315281280119285,0.0,zero_alpha,1975-02-01,2005-08-01,367,0.7495907367416891,0.036645760520874676,-0.5174135031491364,-0.1378288301989521
747,Growth,0.020447075714052798,0.0,zero_alpha,1992-10-01,1999-01-01,76,0.9616460864790753,-0.1663488158394226,-0.09005732603630277,-0.2992078703947062
748,Growth,0.005911257179038918,-0.0374839278922732,unskilled,1984-03-01,1996-12-01,154,0.9228164841812138,0.027069722205719737,0.35810318244851597,-0.21238941367430655
749,Growth,0.023052698939822612,0.0,zero_alpha,1984-03-01,2002-01-01,215,0.9017527477037053,0.46436543823383314,-0.07566480970257333,0.31781095416672867
750,Growth,0.005411107298062616,0.0,zero_alpha,1995-11-01,2003-05-01,91,0.9798156016233077,0.19273150211961917,0.007987679164198387,-0.07847503744446657
751,Growth,0.017050936258982474,0.0,zero_alpha,1975-03-01,2004-02-01,348,1.0622003394103847,-0.014963627561978776,0.14257324015471104,0.3055190449731717
752,Growth,0.010511523879605342,-0.026573564977770452,unskilled,1987-09-01,1995-08-01,96,1.0552348207910702,0.47903599318223355,-0.3532947028121305,0.08047319017333697
753,Growth,0.014411270498821217,0.0,zero_alpha,1982-07-01,2005-06-01,276,1.0329092751349644,0.023696624484953188,0.0044189601679510675,0.012536296754584259
754,Growth,0.013837718280097652,0.0,zero_alpha,1975-12-01,2005-09-01,358,0.9138994582046418,0.5249888948706164,0.0028426143922616488,-0.20509076752318506
755,Growth & Income,0.01997786541447966,0.0,zero_alpha,1979-06-01,2002-11-01,282,0.8649502496088137,0.5209017444750251,0.362464194649748,0.02070033433640733
756,Growth & Income,0.014932842021198364,0.0,zero_alpha,1978-03-01,2003-10-01,308,0.7934126538016344,0.18400290659366716,-0.25714816619956465,0.30382756504523445
757,Aggressive Growth,0.013424416602531016,-0.032817214492622565,unskilled,1993-02-01,2005-02-01,145,0.8610265238992877,-0.20463738184292188,-0.08630786329002431,0.2536455116025108
758,Growth,0.019605542051687085,0.0,zero_alpha,1975-03-01,2002-06-01,328,0.9529475142704854,0.7423751538364388,-0.19567115816472314,0.06113579790463683
759,Aggressive Growth,0.02351613838609711,0.0,zero_alpha,1988-10-01,2005-01-01,196,0.8320570817521276,0.26681901406613656,-0.2168823607382759,-0.15230025488575238
760,Growth,0.020878448030471335,0.0,zero_alpha,1995-10-01,2002-04-01,79,0.9644085708676164,0.08902824381985248,0.21548054541291567,-0.12357480178737283
761,Growth,0.01973434063005108,0.0,zero_alpha,1988-12-01,2003-10-01,179,0.8051814983132203,0.40903197869376395,-0.004669699599836464,-0.10788877650886904
762,Growth & Income,0.01475444162271303,-0.02549977702650521,unskilled,1982-04-01,1996-08-01,173,0.7008512166489467,0.34557569675533684,-0.12111343928530414,0.21172323910440505
763,Growth,0.023004315965626625,-0.03101104959029074,unskilled,1981-09-01,2000-09-01,229,1.0729109181297192,0.49773458747161015,-0.1135691802285071,0.26475806541631386
764,Growth & Income,0.014726269148433765,0.0,zero_alpha,1982-05-01,1994-06-01,146,0.8788378106951232,0.0044130528300259375,-0.1226454153890792,0.04938392524513782
765,Aggressive Growth,0.023605715706310735,0.0,zero_alpha,1978-09-01,1996-02-01,210,0.8244449520164163,0.2496183531935981,-0.10476063548153879,-0.02546206532847303
766,Growth,0.0210584452484322,0.0,zero_alpha,1988-07-01,2005-01-01,199,0.7859229288053842,-0.1264675575612342,-0.2628890688578529,0.25230657449914756
767,Growth,0.008005204712202592,-0.02980456660535212,unskilled,1984-03-01,1997-12-01,166,1.01345539620956,0.33658359893530854,-0.061745908513040036,-0.12678603112974324
768,Growth & Income,0.005939843454547043,0.0,zero_alpha,1980-12-01,2004-09-01,286,1.156236156720195,0.16426365759320316,-0.08184133833042892,0.027773499140054888
769,Growth,0.019817113737321312,0.0,zero_alpha,1976-11-01,1990-01-01,159,0.8895389208490783,0.24025231387170304,-0.1615593412806685,0.08944489993191958
770,Growth,0.01871678323200677,0.0,zero_alpha,1980-01-01,2005-08-01,308,0.9176654938006127,0.13341256903988247,0.021009251260994947,-0.1094200910764599
771,Growth,0.017041777591639513,-0.029068888343203605,unskilled,1988-05-01,2000-01-01,141,1.1107447759833609,0.10725279485290973,0.03797789602363168,-0.0753871332086961
772,Growth & Income,0.024524785600346925,0.0,zero_alpha,1978-08-01,2006-12-01,341,0.6784331443462531,-0.047057793503678474,-0.12132944285834152,-0.08706063687814045
773,Growth,0.015908060955439222,-0.038437112906370155,unskilled,1977-04-01,1992-01-01,178,1.2450302964369,0.3676075536710584,-0.03882683015325099,0.23250902839821283
774,Growth & Income,0.01195799734202726,0.0,zero_alpha,1989-01-01,1995-01-01,73,1.3166150453489553,0.5424260091853594,0.42172474538017135,0.3071550915585632
775,Aggressive Growth,0.016299317016451584,-0.028843558870807296,unskilled,1986-10-01,1995-09-01,108,0.5440493705869875,0.030832910272478697,0.41408665172042747,0.03721887953548413
776,Growth,0.005568235050109125,-0.02971612381221294,unskilled,1977-10-01,2004-07-01,322,0.9353745156624864,0.3083851262427737,-0.22081803802594716,-0.020232788056418104
777,Growth,0.016585284691405997,0.0,zero_alpha,1975-03-01,2003-09-01,343,0.8421579452195654,0.2780459061650606,-0.19288951331771176,-0.06997616124899442
778,Aggressive Growth,0.023048604100820463,0.0,zero_alpha,1985-02-01,1995-09-01,128,0.9102842343642898,0.17202445283721468,-0.22188065539839932,0.020261947017549364
779,Growth,0.005086601370362807,-0.030835609899314158,unskilled,1978-03-01,1999-05-01,255,0.8872422395576114,-0.21164893334117915,0.20141078799444784,-0.06253326271551844
780,Growth,0.021906076243562334,0.0,zero_alpha,1982-02-01,2002-07-01,246,1.0717638647719037,-0.1553993377776481,-0.08970585991513884,0.005445463646716891
781,Growth,0.021038577881982264,0.0,zero_alpha,1980-06-01,1988-12-01,103,0.9331145139548014,-0.025245487787892623,0.03793484871925995,0.08198492345058848
782,Growth & Income,0.007122062595921705,0.0,zero_alpha,1981-06-01,1998-07-01,206,0.8133639178700065,-0.36475118089298286,0.38939346665617675,-0.04079694141855522
783,Aggressive Growth,0.02193660986243435,0.0,zero_alpha,1980-03-01,2003-11-01,285,0.9241722258057313,0.5220076824764037,-0.012092958862092489,-0.008438209392114624
784,Growth,0.02027090531466819,-0.03029222224529745,unskilled,1975-01-01,2006-02-01,374,1.0272176355443614,0.2619258072949284,0.13124974435146414,-0.007818172760845715
785,Growth,0.01482092915119691,0.0,zero_alpha,1978-04-01,2006-02-01,335,0.7724418008352076,0.16250973790021958,0.09408414986007864,-0.027634515208920834
786,Growth,0.009904278767995463,0.0,zero_alpha,1992-07-01,2000-01-01,91,0.7030649466545029,-0.3775589548169571,-0.1276434703391899,-0.04621718155243165
787,Aggressive Growth,0.010762008316957044,0.0,zero_alpha,1976-03-01,1987-07-01,137,1.248911420125298,-0.2859677137551001,0.20183234634837177,0.1343294904405209
788,Growth,0.017245498509439804,0.0,zero_alpha,1975-12-01,1992-08-01,201,0.8536359980437345,0.16941465295326044,-0.1799401618200372,-0.2456104043464664
789,Growth & Income,0.009926079987509932,0.0,zero_alpha,1994-08-01,2003-07-01,108,0.9293970519620716,0.6626224913709943,0.25797595728883516,0.2561419788501895
790,Growth & Income,0.011507113513479366,-0.037666436070017406,unskilled,1978-04-01,1998-08-01,245,0.8903306891261641,-0.004661048968270437,-0.12749019304182393,0.04032941948044957
791,Growth,0.023616768623006146,0.0,zero_alpha,1998-03-01,2003-04-01,62,1.0322131556123213,0.38594950360310953,-0.10559354410721893,0.11150263639797722
792,Growth & Income,0.019586572330125056,0.0,zero_alpha,1987-01-01,1994-12-01,96,1.2159184884636565,0.0500243980812598,-0.22769756472535835,0.12876166747233134
793,Aggressive Growth,0.01972148099433962,0.0,zero_alpha,1983-11-01,1990-01-01,75,1.0369900762593927,0.18380981482221664,-0.1948518821633294,-0.08620887400458568
794,Aggressive Growth,0.02411872844243359,0.0,zero_alpha,1980-03-01,1993-02-01,156,0.7222452278690012,0.4736709622232329,-0.0953528644657071,-0.11715378342688625
795,Growth,0.005115880396062529,-0.031737666008218784,unskilled,1979-04-01,2004-10-01,307,0.7423814859487204,0.08351209245836397,-0.4962697115821224,-0.13484039269807407
796,Growth & Income,0.009889716867453022,-0.029284228658474028,unskilled,1977-06-01,1987-02-01,117,0.8901552837009625,-0.0025262270130332887,-0.056666468235119304,-0.017060204474288267
797,Growth,0.018159479259207904,0.0,zero_alpha,1975-03-01,2006-10-01,380,0.9097650200700099,0.5245176385311909,-0.11159484744830336,0.12488070373265432
798,Aggressive Growth,0.013765430678742828,0.0,zero_alpha,1981-11-01,1994-01-01,147,0.6917073095680099,0.18138945527839884,0.1480022197223664,-0.06756430378312361
799,Growth,0.007256098962647415,0.0,zero_alpha,1978-12-01,1985-01-01,74,1.072901138026166,0.4428012726465408,0.07459614767136513,0.11118974602674572
800,Growth,0.020624673721433225,-0.034032075081923074,unskilled,1981-05-01,1995-05-01,169,0.7870519163177782,-0.0013122233461717314,-0.15152748621985937,-0.3351881828291798
801,Growth & Income,0.005941450681598535,0.0,zero_alpha,1978-08-01,2003-10-01,303,1.1739952343188633,0.521668552240244,-0.10171015188518139,-0.037835080296287446
802,Growth,0.015877022243789764,0.0,zero_alpha,1991-06-01,1999-03-01,94,1.223094889580858,0.23840681863365276,-0.05692360770417955,0.19507060514173435
803,Growth,0.016249286630850342,0.0,zero_alpha,1977-03-01,1984-01-01,83,0.9127619701051733,0.2786969065536647,0.2871913108951698,-0.005645693354940331
804,Growth & Income,0.017719226392213076,-0.022313844187852414,unskilled,1978-07-01,2006-06-01,336,1.0158458960627277,0.20290732785729368,-0.1744609360912884,-0.104371545424925
805,Growth,0.011312526054436261,0.0,zero_alpha,1984-09-01,2005-08-01,252,0.7652079166873698,0.04363125450087463,-0.15395213299013083,-0.07852648332063955
806,Growth & Income,0.005472018824636244,0.0,zero_alpha,1987-05-01,2001-07-01,171,1.0435514489718671,0.16957929737625707,-0.2357168303234302,-0.43420338446023204
807,Growth & Income,0.02277966572161365,0.0,zero_alpha,1981-02-01,2006-06-01,305,0.8752711364848444,0.05935244050265845,-0.306407895887237,-0.13177029556178813
808,Growth,0.023584095896569117,0.0,zero_alpha,1976-10-01,2004-07-01,334,0.7869147017617469,0.4098865156611964,0.05140072472509897,0.1785862058768873
809,Growth,0.014639774538081313,-0.02962651455768399,unskilled,1989-04-01,2003-11-01,176,0.9065997517620523,0.11923570823283443,0.030580666214641984,-0.06739041503443473
810,Growth & Income,0.005412807069630566,0.0,zero_alpha,1983-08-01,2003-09-01,242,0.8801377987391955,-0.20412680694847488,0.2465523705670704,-0.049681654300183814
811,Growth & Income,0.01661742320446898,0.0,zero_alpha,1990-02-01,1995-04-01,63,0.9012260895494368,-0.24985593374732093,0.1982818015453859,-0.3297718280554612
812,Growth,0.011318597033258423,0.0,zero_alpha,1978-05-01,1991-07-01,159,1.0924519854224537,-0.26167953808010613,0.4694233429063616,-0.22462566896688432
813,Aggressive Growth,0.008649711536673937,-0.027809367160528092,unskilled,1981-02-01,2002-02-01,253,0.8322038611046401,0.32449268938848536,-0.02477455350821917,0.19850737678996289
814,Growth,0.008379053127624108,0.0,zero_alpha,1994-08-01,2004-11-01,124,1.2102534499660813,-0.11787607784336104,-0.06210591275924142,0.11259411209923414
815,Growth,0.008585108806663352,0.0,zero_alpha,1975-03-01,2006-12-01,382,0.7512410550761969,0.2450214439596417,-0.27004526902667186,-0.1746158547159147
816,Aggressive Growth,0.011616820011586235,0.0,zero_alpha,1975-05-01,2006-07-01,375,1.1923145409767892,0.20414362937285332,0.12931563349526512,-0.07458585873598303
817,Growth,0.01061240431385348,-0.01901163136702084,unskilled,1979-12-01,1991-10-01,143,0.7975234067139959,0.15382285127255574,0.013706848289267765,0.015624148550182527
818,Growth,0.021728496649063792,0.0,zero_alpha,1987-04-01,2002-11-01,188,0.9498480151195076,0.27960130084559237,0.1202532610021367,-0.1594191598235134
819,Growth,0.014906294147800484,0.0,zero_alpha,1976-09-01,1986-09-01,121,0.876470582978297,0.20957588427263157,-0.23782484384768,-0.2806215825270401
820,Growth & Income,0.013552949849300965,0.0,zero_alpha,1977-01-01,1995-07-01,223,0.8984406992693218,-0.5074324356952374,0.06032083780533993,-0.003881558115915347
821,Growth,0.007916671142289366,0.0,zero_alpha,1988-05-01,1996-08-01,100,1.0702035854533323,0.08909368978787746,0.03103992359078836,0.10589128432598613
822,Growth,0.02251781586242328,0.0,zero_alpha,1991-05-01,2006-11-01,187,1.1749740195843215,0.2762757835158578,0.017807007978737348,0.1087785979594931
823,Growth,0.006096444115875781,0.0,zero_alpha,1978-12-01,1998-11-01,240,1.1285787057433463,0.5800707026887496,-0.1466531816381048,0.15128560783132192
824,Growth,0.009790627177489606,0.0,zero_alpha,1979-09-01,2001-02-01,258,0.8892715501487228,0.5916144041456244,0.22786492971067968,-0.21303358926697355
825,Growth & Income,0.017429445514706352,0.0,zero_alpha,1978-07-01,1999-07-01,253,0.9776382833606829,-0.17078762839631415,0.4000615157956023,0.028685286474040828
826,Growth,0.019046248560207372,-0.03581528604847384,unskilled,1984-04-01,1995-02-01,131,0.8326883189497456,0.08256867517180673,-0.23206880525952311,-0.020267704634368246
827,Growth,0.021023131496382942,-0.02732226437267425,unskilled,1975-01-01,2001-05-01,317,0.8012674531137958,-0.22152870342699946,0.1340887959185916,0.006916897175421129
828,Growth & Income,0.013205826029402144,0.0,zero_alpha,1980-01-01,2003-08-01,284,0.7780548641406997,0.5499712687775208,-0.5855700302680779,-0.011767245045120594
829,Growth,0.011934801732828355,0.0,zero_alpha,1979-01-01,2004-04-01,304,0.8843640039523806,0.4232140520371377,0.1237219898964917,-0.07906722709112736
830,Growth,0.010771032359258548,0.030195208235027787,skilled,1979-07-01,1997-02-01,212,0.9874408446522412,0.2576469717157937,-0.384030923308351,-0.43266856813234067
831,Aggressive Growth,0.016361893421554526,-0.03616684402974703,unskilled,1975-10-01,2004-11-01,350,0.6632277260372743,0.21152371531505254,-0.11499346957985161,0.19427435308560104
832,Aggressive Growth,0.011972712302907244,0.0,zero_alpha,1987-08-01,2003-01-01,186,0.9430469446128851,0.5151577750873686,-0.2726049323508501,0.06949852482126333
833,Growth,0.011561884813518662,0.0,zero_alpha,1976-01-01,2002-09-01,321,1.1774037686824286,0.4728312986900347,-0.05312229898987921,-0.20264346813047612
834,Aggressive Growth,0.005337817068707931,0.0,zero_alpha,1976-01-01,1986-06-01,126,1.1182866603611188,0.4595111741640303,0.1577587396735657,0.09096974794891326
835,Growth,0.023966319750832157,-0.029086723790061463,unskilled,1975-10-01,1987-05-01,140,0.8622223885210001,0.2841699649455649,-0.3814626527454046,-0.04709572105022049
836,Aggressive Growth,0.0062118848864108015,0.0,zero_alpha,1986-04-01,2005-06-01,231,0.740469063607582,0.08269292512145937,-0.08189593790312777,-0.0428458474626595
837,Growth,0.01041743036621879,0.0,zero_alpha,1979-05-01,1999-04-01,240,1.018974545969724,0.3617812080043894,-0.11267375376321136,-0.0952621902233549
838,Aggressive Growth,0.023428392546813923,-0.023918951591743964,unskilled,1975-09-01,2000-10-01,302,0.6023857624688749,0.37401047631377865,0.3062097367743749,0.1005395708978397
839,Growth,0.01970696390524691,-0.037068586832201995,unskilled,1991-10-01,2004-09-01,156,1.1165231173824015,0.12234063260201006,0.07635220157005704,-0.09997353572742983
840,Aggressive Growth,0.0165627960837488,0.0,zero_alpha,1975-07-01,2004-01-01,343,0.9179618813175139,0.08218777029143964,-0.24544342265468455,-0.14452520291359003
841,Growth & Income,0.018216278263907457,0.0,zero_alpha,1981-02-01,1994-12-01,167,1.2246950480866101,0.4533283173895525,-0.10425887580607994,0.18976172159089932
842,Growth & Income,0.006941201056255911,-0.03606886364123939,unskilled,1975-04-01,1994-08-01,233,0.69095517716353,0.5860290271924017,0.30122084767710633,-0.0068322114650087515
843,Aggressive Growth,0.021172946873104444,0.0,zero_alpha,1976-04-01,2006-05-01,362,1.087721933781175,-0.017348945228691542,0.13287306335480484,-0.0021229584988311824
844,Growth,0.010002135235652061,0.0,zero_alpha,1983-09-01,2003-03-01,235,0.9349236744778702,0.10415583113800642,-0.19364669248108435,0.12386961804149979
845,Growth,0.024124279557577413,0.0,zero_alpha,1981-07-01,2004-11-01,281,0.9003424202791879,0.2577332691136745,-0.0634141076766178,-0.08013800512692644
846,Growth,0.009627492075880376,0.0,zero_alpha,1975-08-01,2005-02-01,355,0.7445234802181783,0.29164974943715266,-0.057021829681629596,-0.05022297589703281
847,Growth,0.01750728832463651,0.0,zero_alpha,1975-03-01,2006-06-01,376,1.0393621860067574,0.039408410189676446,-0.1175963854311611,0.06585729045842532
848,Aggressive Growth,0.01590648984024339,0.0,zero_alpha,1987-09-01,2006-02-01,222,1.0514206077165287,0.640880157586011,-0.352042431264338,-0.21120664036956485
849,Aggressive Growth,0.007862061879373375,0.0,zero_alpha,1988-01-01,2004-03-01,195,1.2177691702948834,0.2755238163862928,-0.1455243430779937,0.053164857015232186
850,Growth,0.012258543356336242,0.0,zero_alpha,1975-10-01,1986-01-01,124,1.1012075394290888,0.30284585211763826,0.2678398611730749,-0.09335671887720508
851,Growth,0.020625855094778656,0.0,zero_alpha,1983-09-01,2003-02-01,234,0.8609157006566397,0.6097210203779385,-0.08622889741223504,0.14832088886827227
852,Growth & Income,0.009251761479982162,0.0,zero_alpha,1976-10-01,2006-07-01,358,0.7994206124573727,0.057734593688852504,-0.030650726092183812,0.10199949902748634
853,Growth,0.02425714629683906,0.0,zero_alpha,1982-10-01,2000-11-01,218,0.7447262849716421,0.14789203088943054,0.018105129370714818,0.0821822535462545
854,Growth,0.010909672772952139,0.0,zero_alpha,1986-04-01,2000-08-01,173,1.1709836518459205,-0.1433305572554072,0.43362827894242517,-0.22104379728318355
855,Growth,0.017534433189601715,0.0,zero_alpha,1975-01-01,1982-10-01,94,0.83327385735832,0.12691238193660545,-0.008225045716607728,0.0044906907239270315
856,Growth,0.0173773407917973,0.0,zero_alpha,1975-06-01,1990-11-01,186,1.1720344803456961,-0.20223188098384068,0.20878907071670227,-0.1565899840621416
857,Aggressive Growth,0.014415564843303304,0.0,zero_alpha,1975-09-01,1986-12-01,136,1.0287608061293099,0.356962338548293,-0.12963603441023933,0.014470414553446068
858,Growth,0.018107209283315186,0.0,zero_alpha,1975-02-01,2006-06-01,377,0.999485432239094,0.2749991875174981,-0.06187985210049828,-0.3272919515334608
859,Growth,0.01987153887653543,-0.041154529129237644,unskilled,1987-09-01,2006-11-01,231,0.9039697531159552,0.10073267324036497,-0.007489455377942989,-0.2111248402562864
860,Growth,0.01738005942681777,-0.03082799553650652,unskilled,1989-11-01,1998-06-01,104,1.0491009369503377,0.14489407304553806,-0.16482658836987693,0.19835504132602813
861,Growth,0.01619989238667958,0.0,zero_alpha,1994-10-01,2001-06-01,81,0.9476793855744796,0.3603666037972476,-0.05074355612059153,0.07535797640098407
862,Growth,0.017132548161455274,0.0,zero_alpha,1976-03-01,2004-02-01,336,0.8946180062796784,-0.11394902172247448,0.16761018716265394,-0.03307237712195006
863,Growth,0.013039118408039198,0.0,zero_alpha,1976-10-01,2006-11-01,362,1.05440071799723,0.22104196686313082,-0.1700729122183767,-0.11631149840293338
864,Growth & Income,0.0064174633426310025,0.0,zero_alpha,1976-04-01,2001-10-01,307,0.9284041836168304,0.34487745161468614,-0.009982193807272336,-0.14263808763806396
865,Aggressive Growth,0.00819396758365564,0.0,zero_alpha,1996-06-01,2004-09-01,100,0.830249783189176,-0.27556851935181037,0.1317467103311865,0.05002336326327886
866,Growth,0.017134080860793894,-0.033375711256133415,unskilled,1975-10-01,1983-04-01,91,1.0399740163190976,0.3412345014255048,-0.1748932097625489,-0.0315448464388519
867,Growth,0.023543477848348846,0.0,zero_alpha,1975-06-01,1985-09-01,124,0.9404021516557152,-0.2485156158153917,0.2090827585229912,0.2519970774975915
868,Aggressive Growth,0.005514810971423645,0.0,zero_alpha,1975-07-01,2000-10-01,304,1.0233365017636706,0.14060137903711686,0.004576695942264539,-0.007714558001552494
869,Growth,0.015880703941243916,0.0,zero_alpha,1980-01-01,2005-08-01,308,0.881921021246872,-0.12084777602380656,-0.043024512667857936,0.02880807383668003
870,Growth,0.010041228660183794,0.0,zero_alpha,1976-02-01,2003-09-01,332,0.7686318042978566,0.5278116448225038,-0.41162956116004296,-0.18827552020830568
871,Growth,0.016234798109690262,0.03440259883357605,skilled,1986-01-01,1993-07-01,91,1.2102610943771412,-0.11928026353808688,-0.08472248840269472,-0.03410488377657095
872,Growth,0.019993147154674033,0.0,zero_alpha,1985-11-01,1994-11-01,109,1.1819917116145362,-0.24254747299134563,0.0643184832290606,0.04654871076019791
873,Growth & Income,0.019709062643391857,0.0,zero_alpha,1977-03-01,2006-06-01,352,1.0825677441892942,0.2033380353990789,0.33906900376049354,-0.035917856681978014
874,Growth,0.01949771595636268,0.0,zero_alpha,1975-09-01,2005-09-01,361,0.891828397193859,0.06657425499479429,0.1035778308223226,-0.05284428003613484
875,Growth & Income,0.02057846931878874,-0.02985621780769193,unskilled,1975-01-01,1999-07-01,295,0.904952304025839,-0.20615130716598326,0.21524324635566977,0.06903644384229846
876,Growth & Income,0.006452213736419152,0.0,zero_alpha,1984-05-01,1992-02-01,94,1.1573491168844696,0.30145379978871234,-0.2518209147243878,0.24722349223414838
877,Growth & Income,0.015191556678359044,0.0,zero_alpha,1982-04-01,1989-01-01,82,0.896925494364888,-0.3278747656124198,-0.035364499130590886,0.041745405546174105
878,Aggressive Growth,0.010235569707442965,0.0,zero_alpha,1993-09-01,2000-02-01,78,0.8551165945479053,-0.08906024314578123,0.23414928846577276,0.19162794252097065
879,Growth & Income,0.02342541122004826,0.0,zero_alpha,1981-04-01,2004-11-01,284,1.230835201345468,0.026195432394803847,-0.18754671007998464,0.11324035662781734
880,Growth,0.020657584440389426,-0.03435888016819168,unskilled,1975-05-01,2003-02-01,334,0.9428483477579191,0.3705555980387851,0.18304452579462052,0.18265300620017758
881,Growth & Income,0.007150896947167796,0.0,zero_alpha,1982-12-01,2004-12-01,265,1.2152637992770767,0.493867091753288,0.1366635729200666,-0.07145798850199565
882,Growth,0.009864922580603598,0.0,zero_alpha,1976-05-01,1988-05-01,145,0.7402412133964996,0.4456955618318932,0.04494472968996403,-0.011039124247660272
883,Aggressive Growth,0.014104405109962893,0.0,zero_alpha,1979-01-01,2004-06-01,306,1.0277277324176752,0.13168155238444182,-0.07574052502719496,-0.010416035614699701
884,Aggressive Growth,0.024258172436128513,-0.0322689127540916,unskilled,1984-12-01,1991-06-01,79,1.2606623898824922,-0.436827061198789,-0.20725903091448705,0.10194158548459638
885,Growth,0.007193463682421037,0.0,zero_alpha,1976-05-01,2003-09-01,329,0.9544626116988293,0.26771325530463963,0.3450758588206628,0.1388619233317796
886,Growth,0.016359447370842592,-0.02779089966554969,unskilled,1976-06-01,2005-06-01,349,0.9103993261598305,0.5376434348061534,0.11637250354480609,0.038758428666783674
887,Growth,0.01182575026349117,0.0,zero_alpha,1977-05-01,2001-09-01,293,0.774837212360237,0.4784476019533921,0.05812322493508978,0.1515059866063796
888,Growth,0.017926806834651147,-0.0361112500864516,unskilled,1977-08-01,2006-04-01,345,1.1123514581652871,0.28573725243592996,-0.09256994964045022,-0.06449972154720593
889,Growth,0.01797413454045409,0.0,zero_alpha,1985-11-01,2006-08-01,250,0.8344807876038969,-0.12737569108461314,-0.0024256740820044484,0.15280663293486874
890,Growth,0.009811829733680371,-0.0383896878715981,unskilled,1986-10-01,2004-05-01,212,0.9357787160915016,0.03867324909289627,0.022943453994006574,0.17237141632788014
891,Growth,0.020716188006121326,0.0,zero_alpha,1983-02-01,1996-09-01,164,0.7648246580311082,0.6534535996864187,0.06997513694671456,0.12162445188869953
892,Growth,0.006825249426696159,0.0,zero_alpha,1976-02-01,2005-12-01,359,1.1835341900146148,-0.18418238366603343,0.13686805769438684,0.04012546752218195
893,Growth,0.02136277742174666,0.0,zero_alpha,1978-09-01,2002-06-01,286,1.1232327966088524,-0.11696030703759644,-0.16649430517101835,0.12699849986074496
894,Growth,0.009239337171589881,0.0,zero_alpha,1992-06-01,2002-06-01,121,0.9452622876180303,0.40563788779132104,-0.3033193930974009,-0.11410066978577345
895,Growth,0.016791585969833055,-0.03224359200965059,unskilled,1975-08-01,2006-06-01,371,0.7768776596619608,0.06221018879861806,0.006856170254699498,0.04975433965403128
896,Growth,0.011946194538055403,0.0,zero_alpha,1986-12-01,1993-06-01,79,1.1803860573863947,-0.12543878055115545,-0.35944346746495237,0.06507657152376836
897,Growth,0.017195596532437893,-0.027860059116014704,unskilled,1979-08-01,2000-05-01,250,0.8951102409429279,0.5519927946807539,-0.07473219899872756,-0.17942734947272276
898,Growth & Income,0.010348356965487549,0.030524695848863973,skilled,1983-04-01,1993-04-01,121,0.7842192738773721,0.285263994536285,-0.11183796602235256,0.09118763794092812
899,Growth,0.016379273439010213,0.0,zero_alpha,1980-01-01,2002-11-01,275,0.6856822981291184,0.07454970890570548,0.08834963844033385,-0.1673228088522723
900,Growth,0.0051639652042712834,0.0,zero_alpha,1985-12-01,2002-01-01,194,0.8531052302159338,-0.11644370897487885,0.3865194070972618,-0.04418774468641465
901,Growth,0.012489089152344039,0.0,zero_alpha,1981-08-01,1998-05-01,202,0.731804281620509,0.6818516409649845,-0.39891812478071226,0.025964143891444767
902,Growth & Income,0.021527787581243785,0.0,zero_alpha,1982-03-01,2005-04-01,278,0.8565768745215763,0.16388704531334813,0.44483700606368015,-0.08961045769492097
903,Growth,0.014260131730110155,0.0,zero_alpha,1980-07-01,2005-11-01,305,1.0616613100546572,0.5193320156173735,-0.05661503182380521,0.03238310579304772
904,Growth,0.014985221979799315,0.0,zero_alpha,1982-03-01,1997-05-01,183,0.893689975403715,0.39340838615235996,0.059561736434516004,0.02998354856543299
905,Growth,0.01743153675827986,0.0,zero_alpha,1975-01-01,2006-12-01,384,1.0033540073170566,0.03977460958419149,-0.29296643152474333,-0.10302724590382613
906,Growth,0.013684191976679649,0.0,zero_alpha,1987-05-01,2005-10-01,222,0.8414998010701652,0.04176472125255473,0.1893743140452641,0.10519616882364963
907,Growth,0.022341534554476274,0.0,zero_alpha,1978-12-01,1988-03-01,112,0.9597753599546347,0.53157872448348,-0.0017054927296551638,-0.09462347549593475
908,Growth & Income,0.013066493396963773,0.0,zero_alpha,2000-02-01,2005-03-01,62,1.2381351233129032,0.5356293331549944,-0.0222934822376574,0.3631961562102042
909,Growth & Income,0.023851048684865015,0.0,zero_alpha,1981-05-01,1991-09-01,125,0.8977270882959655,-0.29922899403018355,-0.3974770229805908,0.0035781765004092927
910,Growth,0.022538760466485168,0.0,zero_alpha,1979-09-01,2003-04-01,284,1.0076644156429488,0.3074450652455481,0.004759362769485482,-0.1556941217485049
911,Growth,0.013421755653179705,-0.03621615135146435,unskilled,1978-07-01,1998-01-01,235,0.7151709158797341,0.1396962988190951,0.15916566476331484,-0.1276512649320658
912,Growth,0.012316017491972744,0.0,zero_alpha,1982-12-01,1996-12-01,169,1.1780159183625305,-0.08833079073462649,-0.057255727096637746,0.19213706970474517
913,Growth & Income,0.018532560378003368,0.0,zero_alpha,1979-10-01,1997-09-01,216,0.8784190056582701,0.23543652367929935,0.22483986912883014,-0.0413727474577681
914,Growth & Income,0.020106134973481248,0.0,zero_alpha,1978-02-01,2005-09-01,332,1.1075800474859752,-0.1673991977465986,0.2165790343782725,-0.18456457117449526
915,Growth,0.008717231546491762,-0.02735851504215758,unskilled,1975-12-01,1996-04-01,245,0.9315229556361642,0.05338616133847501,-0.1382190765481696,0.148056912069165
916,Growth,0.009820904063729648,0.0,zero_alpha,1996-06-01,2002-11-01,78,1.0417369047531209,-0.029618433192491883,0.30902277175947857,-0.042336083166712404
917,Growth,0.00792505033296986,0.0,zero_alpha,1998-05-01,2004-07-01,75,1.05065186408165,0.045052183961000386,-0.000941007134983525,0.11801292666790267
918,Growth & Income,0.020213837563766372,0.0,zero_alpha,1982-12-01,2000-11-01,216,0.8821339490730924,0.1521303765845023,-5.094984243386551e-05,0.16033490384841903
919,Growth,0.019288037299581697,0.0,zero_alpha,1983-11-01,1999-09-01,191,1.1137859653642777,-0.08389166547637159,0.009796244520546222,0.061169530821281695
920,Growth,0.008781076286367524,0.0,zero_alpha,1977-11-01,2005-10-01,336,0.836152270401035,0.5632947572183244,0.003863150188225188,0.3793861093528
921,Growth,0.015737495723086862,0.0,zero_alpha,1977-04-01,1997-12-01,249,1.0666901330041314,0.29332080834853136,-0.5360266713317017,-0.23871137393998357
922,Growth,0.020284787184067996,0.0,zero_alpha,1979-12-01,2005-04-01,305,0.8914692058750203,0.6186407570955137,-0.04710127963794415,-0.10269251129077125
923,Growth & Income,0.023940573254867457,0.0,zero_alpha,1977-06-01,1998-03-01,250,1.002433692294809,0.12998000773049515,-0.2827892943324909,-0.018392500690593592
924,Growth,0.008570453082620628,0.0,zero_alpha,1987-01-01,2001-04-01,172,0.8807010496468608,0.03280250942572274,0.3152671404431353,0.3591760292912182
925,Growth,0.011086595597793784,0.0,zero_alpha,1977-11-01,2000-07-01,273,0.9574963962059893,0.609603903623257,0.3072165983442401,0.2897003705153318
926,Aggressive Growth,0.011966795672781475,0.0,zero_alpha,1982-09-01,2004-05-01,261,0.7887959447462349,0.025485065031503745,0.16038766649111758,0.2133036301090874
927,Aggressive Growth,0.017499547182664187,0.0,zero_alpha,1980-12-01,2005-05-01,294,0.9871335477033191,0.12542699450271882,-0.05769348746777769,-0.09911859111188652
928,Aggressive Growth,0.007728377004179743,0.0,zero_alpha,1979-08-01,1989-08-01,121,0.9566281752439378,0.35001185262432866,-0.21160298732073973,-0.08162721096556445
929,Growth & Income,0.008868581385027857,0.0,zero_alpha,1981-01-01,2003-04-01,268,0.8689769668891291,-0.1394314520743196,-0.141516200255121,-0.10428400527106811
930,Growth,0.020608736747839723,-0.03390868946999164,unskilled,1984-09-01,1997-04-01,152,0.9417458050414556,0.3478236711984125,0.3785283812852066,-0.0975140332061144
931,Growth,0.01584107331712141,0.0,zero_alpha,1976-09-01,2002-12-01,316,0.9701006714251864,0.31583676654115067,-0.1484394773039921,0.24390569109139615
932,Growth,0.008207724630569164,-0.026044285234555674,unskilled,1978-03-01,2004-09-01,319,0.8575464420102331,0.4873313295094581,-0.4811190708772128,-0.01656506850937656
933,Aggressive Growth,0.012768654960164508,0.0,zero_alpha,1985-02-01,2006-12-01,263,0.9306862136405496,0.3925111257525353,0.19603310169707872,0.003275275303408643
934,Growth & Income,0.007689883906634656,-0.0389109075768852,unskilled,1975-01-01,2005-07-01,367,0.7991672088657618,0.4949945882193928,0.2901006227235787,0.1361580180385147
935,Growth,0.01225380002473684,0.0,zero_alpha,1987-01-01,2006-06-01,234,1.301859955844151,0.14239452487289747,0.32184313743330445,-0.22952919610509617
936,Aggressive Growth,0.013003985904232712,-0.039669307024580686,unskilled,1997-08-01,2003-03-01,68,1.1088677990312277,-0.04566757967676513,0.1976696008498657,0.027896873190370864
937,Aggressive Growth,0.007242208232507925,-0.03620078238481264,unskilled,1980-08-01,2001-12-01,257,0.9909641158447327,0.6974963535208406,0.23030393544695624,-0.14453075930093812
938,Growth & Income,0.006196668523720841,0.0,zero_alpha,1978-09-01,2004-08-01,312,1.1258169391215043,-0.2116739038804917,0.00058681481070837,-0.02416223808374777
939,Growth,0.022632037805150614,0.0,zero_alpha,1984-01-01,1991-08-01,92,0.6531121284974333,-0.18662826971845195,-0.42525912469833266,-0.06796310409388188
940,Growth,0.02275296179280438,0.0,zero_alpha,1978-02-01,1985-10-01,93,0.566348039324899,0.3112820101272078,-0.0044237916999972735,-0.07569711190468854
941,Aggressive Growth,0.005051577504252998,-0.03629646231441619,unskilled,1986-04-01,1998-07-01,148,0.890106340737514,0.5762465120443374,0.1143145544838834,0.053837271005954715
942,Growth & Income,0.01782408192848273,-0.027362807592209094,unskilled,1978-06-01,2006-03-01,334,0.7432153784596836,0.21738771147854127,-0.03705401131325007,0.05318201035887671
943,Aggressive Growth,0.006873580150779597,0.0,zero_alpha,1977-12-01,1997-02-01,231,0.9145091713327506,0.4198259249255515,-0.04616722374792302,-0.012973088385097756
944,Growth & Income,0.021202832910626357,0.0,zero_alpha,1975-06-01,2006-10-01,377,0.9808484960892347,-0.3289506818679896,-0.20282360780366449,0.07560265144867344
945,Growth,0.02259124784307503,0.0,zero_alpha,1977-08-01,2006-02-01,343,1.0880621747510917,0.04511375945471573,-0.2103477486544052,-0.11029218112803237
946,Aggressive Growth,0.01733230310740452,0.0,zero_alpha,1984-02-01,2004-01-01,240,0.779260402358718,-0.29848695178581475,0.357629702953214,0.12223788035591411
947,Growth,0.017263109144058843,0.0,zero_alpha,1977-12-01,2001-03-01,280,1.0099446029240107,0.365102739557165,0.3648692739760284,-0.01092985332364087
948,Growth,0.012429630181074486,-0.023356511777972037,unskilled,1982-02-01,1995-12-01,167,0.9521584539728348,-0.21680783164725362,-0.010529426249220705,-0.05254953432068456
949,Growth,0.009989379387257233,0.0,zero_alpha,1985-04-01,1992-08-01,89,1.0021263964899627,-0.14945471150816178,0.04630472101858539,-0.0992138217554472
950,Growth,0.014985416583064928,0.0,zero_alpha,1988-12-01,2004-08-01,189,0.87203420738696,0.2985063012403507,-0.20617161140740378,-0.01620961907000226
951,Growth,0.00767434446953108,-0.022615776943591646,unskilled,1984-12-01,2005-11-01,252,1.1574702709793179,0.43545608800443236,0.11851496998789078,0.3005958885268884
952,Aggressive Growth,0.018444497897218276,0.0,zero_alpha,1984-03-01,1994-01-01,119,0.934473702735541,0.13025797294269587,0.34192983432283997,0.010502934484611553
953,Growth & Income,0.014401737907594369,0.0,zero_alpha,1995-06-01,2006-05-01,132,1.2161273335255651,0.3125431260271274,-0.3158461559889387,-0.15166053042151587
954,Growth,0.008552030120618614,0.0,zero_alpha,1990-04-01,1995-07-01,64,0.8314417019476664,0.3044470417182731,0.08277665994047877,0.15782286001775692
955,Growth,0.016766285055785656,0.0,zero_alpha,1977-10-01,2002-07-01,298,1.061424100993333,0.11614328513938199,0.09780444852900806,-0.05078926536876312
956,Growth,0.02090655673171458,-0.028111040322855257,unskilled,1975-01-01,2004-04-01,352,0.9410497279159207,-0.10367637072156219,0.09552130297785151,0.06256385065287058
957,Growth,0.016775989233342618,0.0,zero_alpha,1977-11-01,2005-02-01,328,0.9008386374999854,0.3112228517211606,0.31856353356969386,-0.0708490825639867
958,Growth,0.015593228233130883,-0.03809406530211814,unskilled,1985-11-01,2001-01-01,183,1.044847301070132,0.32327392269377064,0.3972036424342305,0.21211599742147547
959,Growth,0.0219543495626162,0.0,zero_alpha,1985-09-01,2006-08-01,252,0.9051239781215615,0.3935061007725647,-0.056696735574532475,-0.0686139634968946
960,Growth & Income,0.0052151077000165994,0.0,zero_alpha,1975-10-01,2006-09-01,372,0.5507051994264007,0.24801660601972436,0.12463473443127158,0.22967869678663042
961,Growth,0.01733495255669259,-0.026143764532663406,unskilled,1975-04-01,1996-03-01,252,0.49056978152385383,-0.12212497836983158,0.0068467411452118754,-0.13738908767931796
962,Aggressive Growth,0.013193843663891348,0.0,zero_alpha,1985-10-01,1998-09-01,156,1.1408633240426074,0.34258504034229503,-0.13642305858793918,-0.023935957857321947
963,Aggressive Growth,0.008871322973153385,0.0,zero_alpha,1988-04-01,2002-05-01,170,1.1345387686819544,0.1696547299429147,0.044162831376202916,0.2299993678860172
964,Growth,0.024591557001721994,0.0,zero_alpha,1978-09-01,2003-04-01,296,1.233101141938392,0.049315638919164254,0.1242999057000496,0.04522613371720082
965,Growth,0.013076276582943788,0.0,zero_alpha,1981-06-01,1998-06-01,205,0.9473707627576733,0.09634104070157196,0.03338573708339713,0.3607198912708449
966,Growth,0.011705256248844453,0.0,zero_alpha,1978-07-01,2006-02-01,332,0.7561047797003163,-0.0025642945975949127,-0.18623624189722351,-0.02037106738570257
967,Growth,0.008380168794812935,0.0,zero_alpha,1977-04-01,2005-07-01,340,0.8870624236023498,0.39221094471360723,-0.1027121279711355,0.058556427944101055
968,Growth & Income,0.024955319024909682,0.0,zero_alpha,1992-10-01,1998-08-01,71,0.9517136773041969,-0.18452868339500508,-0.10118148403493148,0.30577239080732266
969,Growth,0.022121027120593537,0.0,zero_alpha,1978-06-01,2002-12-01,295,0.7989442663572336,-0.07837148370160457,-0.1784887909861409,-0.20708848251134024
970,Growth,0.006399448373499024,0.0,zero_alpha,1979-10-01,1994-09-01,180,1.19728620844608,0.08780677883207633,0.052707916321133745,-0.22566250497723067
971,Growth,0.016315077522543665,0.0,zero_alpha,1981-10-01,2000-09-01,228,1.2859254319465605,0.5734377120597499,0.07362241925861553,-0.09932622658141121
972,Growth,0.007948024217509318,0.0,zero_alpha,1994-02-01,2006-03-01,146,1.0217421051095266,0.43357013727321225,0.18590352017743925,0.14200590342099886
973,Growth & Income,0.01931562830025894,0.0,zero_alpha,1985-05-01,2000-03-01,179,0.9483704379952705,-0.24021020081180636,-0.18152446963212626,-0.22147767749979083
974,Growth,0.014681668585208741,-0.02937906078593614,unskilled,1987-11-01,2001-09-01,167,0.7557549532288351,0.5078367721881215,-0.12549573724575866,0.10955735848430297
975,Aggressive Growth,0.007207779283985518,0.0,zero_alpha,1978-03-01,1984-06-01,76,1.1819650844234078,0.507355054245921,0.3009138903862476,0.09900600417333401
976,Growth,0.016140777825285797,0.0,zero_alpha,1980-11-01,2006-12-01,314,0.9614460216273569,-0.12350208150566075,-0.04289917281458404,0.32215853498029356
977,Growth,0.023213513022056247,0.0,zero_alpha,1980-09-01,1989-06-01,106,0.9066253402384081,-0.46036456764911127,-0.003973794149673212,0.17682273882685584
978,Growth,0.011823893646663051,0.0,zero_alpha,1991-06-01,2006-07-01,182,1.0221761133011806,0.15194459441318942,-0.04502074427912987,0.07460753562466638
979,Growth & Income,0.00601611229523958,0.0,zero_alpha,1984-10-01,1994-11-01,122,0.8621432706516221,0.45060610232495546,0.21660616374432873,0.22386994027294402
980,Growth,0.023904142225292888,0.0,zero_alpha,1995-11-01,2005-02-01,112,0.9720312759682728,0.5678154924500506,0.22436173614300584,0.10083559116723001
981,Aggressive Growth,0.007835983760189012,0.0,zero_alpha,1990-02-01,2005-02-01,181,0.733629972373151,-0.04770681609031255,0.21264162011776958,-0.049010508194080316
982,Growth,0.014501040017624672,0.0,zero_alpha,1976-09-01,2006-06-01,358,1.113063078387865,0.6079947761657414,-0.004686477728490421,-0.15169086655732925
983,Growth,0.015893542556965685,0.0,zero_alpha,1976-06-01,2006-11-01,366,0.934338343829649,-0.38698309895417526,-0.18448719549780035,-0.0654048405539621
984,Growth,0.009741749263625135,0.0,zero_alpha,1985-03-01,2000-06-01,184,1.1238201290951018,0.07798734654267811,0.3750426155518509,0.013988918817932352
985,Growth,0.008548360640762781,0.0,zero_alpha,1986-05-01,2004-12-01,224,0.919829573323757,0.06569733269606322,0.16126179539110344,0.046252760802440576
986,Growth,0.007262777612297194,0.0,zero_alpha,1975-01-01,2006-08-01,380,0.9295700436824031,0.45808425623107574,-0.10133179627847792,-0.3002793397130138
987,Growth,0.0063991056470794686,0.0,zero_alpha,1976-06-01,1987-09-01,136,0.7681523857562064,0.49457561648494497,0.2747637693888822,-0.012934050238599153
988,Growth & Income,0.015162530953606895,0.03520213856975255,skilled,1975-10-01,2006-04-01,367,1.0639635459527215,0.40855591385834883,-0.11712178305181899,0.024287265432416716
989,Growth,0.02184041553668633,0.0,zero_alpha,1994-08-01,2002-05-01,94,0.8186240068965362,-0.16763751218647363,0.2721406806377313,0.10213061673197607
990,Growth,0.0075351754273320255,0.0,zero_alpha,1991-01-01,2002-01-01,133,0.8770366440201156,0.3856547579497305,0.2856569178768983,0.26402013237595257
991,Growth,0.019012380568909967,0.0,zero_alpha,1984-07-01,1998-07-01,169,0.9501570779123805,0.29726049214837297,-0.19429655433621118,0.04784803031679046
992,Growth,0.013252415408472,0.0,zero_alpha,1988-08-01,1994-07-01,72,0.9681836275534035,-0.24780859631989768,0.10635166060419218,-0.11643443143715772
993,Growth,0.005704484779411723,-0.03258771083664065,unskilled,1978-01-01,2005-01-01,325,0.6940854589673361,-0.3467534572004217,0.14643814079226578,-0.25271190754022077
994,Growth,0.01571944620009443,0.0,zero_alpha,1978-05-01,2006-06-01,338,0.9153791201767975,0.429497322505194,0.5129818399172664,0.12305164371685727
995,Growth,0.010040165322663528,0.0,zero_alpha,1989-02-01,2004-05-01,184,1.069284532796557,0.12497517475518888,-0.15846022352677144,-0.11036310392161199
996,Growth,0.01710508186081005,0.0,zero_alpha,1975-06-01,2002-12-01,331,0.8932492948214146,-0.15129552311371883,0.27650865539876585,0.15002554657420206
997,Aggressive Growth,0.011986460216777423,0.0,zero_alpha,1978-09-01,2004-07-01,311,0.9162902368680017,0.11795701782280787,-0.006530796393289167,0.22961302282438528
998,Growth & Income,0.018329046365259182,0.0,zero_alpha,1977-01-01,2003-08-01,320,0.9743609076264089,0.2610102702783007,-0.2582728367161139,-0.2116112148968761
999,Aggressive Growth,0.02337006725862058,0.0,zero_alpha,1979-04-01,2005-11-01,320,0.9311059351179501,0.14928721833311326,-0.03399743396685744,0.1030838838138444
1000,Growth,0.009890891241629183,0.0,zero_alpha,1980-11-01,2001-04-01,246,0.7954226746418593,-0.21799653828152157,-0.00950704778005858,0.2138933615509016
1001,Aggressive Growth,0.023796809379753953,-0.03502500356404365,unskilled,1998-11-01,2006-10-01,96,0.9445480814499643,0.6413892258910275,-0.2217780386230578,0.17285589879204227
1002,Growth,0.009086177205006638,0.0,zero_alpha,1975-11-01,2005-10-01,360,1.0991109755008843,0.421054492246973,0.05243472377030589,-0.29445691553656833
1003,Aggressive Growth,0.006413897644467262,-0.030648283803591372,unskilled,1982-03-01,2003-07-01,257,0.7923236079099364,0.0861556370816332,0.18156185109971634,-0.10804780671905566
1004,Growth,0.008854019747761595,0.0,zero_alpha,1975-04-01,2004-07-01,352,0.8938277165771272,0.09622633602442811,0.03764013081240249,-0.1720270758625635
1005,Growth,0.021298333990310968,-0.041755175943269184,unskilled,1976-02-01,2006-12-01,371,0.7427553014097383,0.25987184867829405,-0.11836881787597532,0.09852091327205763
1006,Growth,0.018551124905290838,0.0,zero_alpha,1978-05-01,1988-04-01,120,1.0912072925735516,-0.11240534893508289,-0.039694413681393204,0.08199899352282461
1007,Growth,0.024416683065228626,-0.029599282983041944,unskilled,1981-02-01,1996-11-01,190,0.9361462689743181,0.2506691091342422,-0.010908671358690232,-0.3846837816910938
1008,Aggressive Growth,0.019196546208498616,0.0,zero_alpha,1993-05-01,2003-06-01,122,0.8224700549591205,-0.16268310921519138,0.03346432549620973,-0.025124743199176246
1009,Aggressive Growth,0.013252625300732679,-0.036632879707027624,unskilled,1999-11-01,2006-02-01,76,0.9638398400214766,0.1523664457887085,0.21196615244800623,0.14010797455116603
1010,Growth,0.022848619482657526,0.0,zero_alpha,1975-06-01,2006-07-01,374,0.769459967765682,-0.12214287496421469,0.04438795067721787,0.042196398683618325
1011,Growth,0.0241625703641692,-0.03154707546549127,unskilled,1976-01-01,2005-12-01,360,0.794975670280939,-0.10952099558167863,-0.2905393257259421,0.04194003792497919
1012,Growth,0.02083309841920212,0.0,zero_alpha,1975-02-01,2005-03-01,362,0.7309799705222328,0.5814306534045525,-0.12246421439773829,-0.034749053007806605
1013,Aggressive Growth,0.01613279171670202,0.0,zero_alpha,1978-02-01,2006-12-01,347,0.78998311436639,0.18480647357113855,0.023204210179327334,-0.13884114116120178
1014,Growth & Income,0.021515315626111257,-0.027342134935628776,unskilled,1975-02-01,1997-07-01,270,1.153600637599971,0.2218516213502919,0.21482489699082277,0.01744162641642741
1015,Growth,0.008580894146685631,0.0,zero_alpha,1975-05-01,1994-05-01,229,0.8400322503076105,-0.3328449652703307,0.24956928830731034,0.027814017685268658
1016,Growth & Income,0.02300700045858773,0.0,zero_alpha,1975-02-01,2006-11-01,382,1.0199337683977219,0.020749560369738046,0.34493706831749105,0.11228817804994334
1017,Growth,0.02499117964973072,0.0,zero_alpha,1975-01-01,1994-11-01,239,0.8245547870066117,0.2853030296760868,0.016122879515860965,0.12447498864431927
1018,Growth,0.018302803329106908,0.0,zero_alpha,1976-08-01,1998-11-01,268,1.063930061864483,0.21853406648687626,0.1426618351004987,0.03287921287448618
1019,Growth,0.00891778079160017,0.0,zero_alpha,1988-06-01,1999-01-01,128,0.7960876998603026,-0.3685074553384263,-0.30089230688059393,0.1842362546877247
1020,Growth,0.007888733243906437,0.0,zero_alpha,1979-11-01,2004-12-01,302,0.9558841891642634,0.2217844791642703,0.07597631463229661,-0.03623870022036564
1021,Growth,0.024188288112006944,-0.02462025475973245,unskilled,1976-06-01,2003-07-01,326,0.9579276964803423,0.26163970088742233,-0.22505282029217236,-0.19660368548196
1022,Growth,0.02242705642736651,0.0,zero_alpha,1981-12-01,2005-03-01,280,1.2991708004639886,0.4909404995496749,-0.02250783915094997,0.09155805041273085
1023,Growth & Income,0.01997357703129534,0.0,zero_alpha,1983-04-01,2001-09-01,222,1.0445637931970246,0.0061922202654143,0.5959676777744285,0.03895693315838821
1024,Growth & Income,0.023982385072308227,0.0,zero_alpha,1979-12-01,1990-03-01,124,0.861064397850609,-0.39051718003391767,0.05071084723808594,0.09453972735197952
1025,Growth & Income,0.015068075057367826,0.0,zero_alpha,1993-08-01,1999-06-01,71,1.052757344547577,-0.07919268795128884,-0.18276264383606577,-0.16966770224243918
1026,Growth,0.02275492806004729,0.0,zero_alpha,1981-01-01,2002-11-01,263,1.270726170572781,-0.10426625971713929,0.07155780119158109,0.28861941329165675
1027,Growth,0.008256406279767583,0.0,zero_alpha,1982-01-01,2005-05-01,281,0.7055545864273557,0.3541772194449936,-0.11341503731787093,0.1265753620495462
1028,Aggressive Growth,0.008656194362147249,0.0,zero_alpha,1975-12-01,2001-10-01,311,0.8236276936146909,-0.5091841470988294,-0.20214882263151027,-0.023199533649868907
1029,Growth,0.015246860913207799,0.0,zero_alpha,1975-04-01,2005-11-01,368,0.9144653661330059,0.05791088498184449,0.4106279066781002,-0.1203179718946968
1030,Growth,0.011650193216890484,0.0,zero_alpha,1979-02-01,1997-06-01,221,0.8874367659287073,0.5264488683943137,0.2033624052533506,0.18157301156483732
1031,Growth,0.013650385360293154,0.0,zero_alpha,1976-08-01,2003-12-01,329,0.9000864952505188,0.17180311570840873,0.059107324999148995,-0.14526546730957846
1032,Growth,0.020963939726010666,0.0,zero_alpha,1981-11-01,2006-02-01,292,0.7543651601610135,0.394079204044106,-0.08836465804950826,0.35920472371881046
1033,Aggressive Growth,0.006068149418845181,0.0,zero_alpha,1989-05-01,2001-10-01,150,1.1605934080325018,-0.24044958338777192,-0.07215789659443984,-0.07198074098489962
1034,Growth,0.019416876685604594,0.0,zero_alpha,1977-04-01,2005-01-01,334,0.736608710228507,-0.23049737830158065,0.2984963733688301,0.27807578219084167
1035,Growth,0.006764585369067311,0.0,zero_alpha,1988-11-01,1995-03-01,77,0.9199680785566251,0.5293106144613086,0.05131550753291357,-0.0076710677609074
1036,Aggressive Growth,0.021950021005608406,0.0,zero_alpha,1984-09-01,2005-10-01,254,1.1068745887641047,0.1953038414393133,-0.6265610285897627,0.2571120063230462
1037,Growth,0.009037996130713502,0.0,zero_alpha,1975-09-01,2006-01-01,365,0.9454722714281221,0.19581859055228604,0.4741877031317674,-0.0902302760239774
1038,Growth,0.01969877840695991,0.0,zero_alpha,1977-02-01,1999-11-01,274,0.8030908749645846,-0.10953820702674913,0.026612471394457007,0.02282545678200499
1039,Growth,0.016837587979753783,0.0,zero_alpha,1975-03-01,2005-06-01,364,0.7476986515439064,0.1951954322375579,0.05867380114696339,0.14071239952558495
1040,Growth & Income,0.012712442141456951,-0.03464746354531901,unskilled,1983-06-01,1989-11-01,78,0.9155001205958326,-0.11648439208502406,0.20733896268695928,0.11931157050437338
1041,Aggressive Growth,0.010350725008378307,0.0,zero_alpha,1983-04-01,2002-08-01,233,0.83644556512243,0.4667176122264125,0.08308056546231737,0.1851142750486825
1042,Growth,0.006149186325328182,0.0,zero_alpha,1977-10-01,2003-10-01,313,0.9807846637554467,0.8519576774670429,0.13938172354336195,-0.05312081722023469
1043,Aggressive Growth,0.012067604138260142,0.0,zero_alpha,1979-02-01,2001-05-01,268,0.739782327841373,0.29098526341633235,-0.09474469347298496,0.032721255927471646
1044,Growth & Income,0.00901057513202352,0.0,zero_alpha,1976-07-01,2005-04-01,346,1.0719553605331433,0.011263403634614089,-0.25595906479327735,0.20725828639971067
1045,Growth,0.007718250079039646,0.0,zero_alpha,1989-03-01,2006-08-01,210,0.9673324284746696,-0.46341458262366453,0.046046556294639315,-0.08578832525784272
1046,Growth,0.019769962451782683,0.0,zero_alpha,1983-08-01,2006-12-01,281,0.9784754591528715,-0.25111602863558524,0.276322930454918,0.10588115916776028
1047,Growth,0.00925029982026401,0.0,zero_alpha,1977-07-01,1993-10-01,196,1.1661615167360024,0.558715457756784,-0.13956051167662353,-0.012874035966662544
1048,Aggressive Growth,0.009463160954323369,0.0,zero_alpha,1975-05-01,2003-11-01,343,0.88433067524422,-0.08729796081776828,-0.1556047989639553,0.0508811159873908
1049,Growth,0.011809629035080874,-0.030686253874264303,unskilled,1980-11-01,1988-12-01,98,0.8411274957900163,0.07729127957837197,0.23420385207598748,0.03268253246216725
1050,Growth,0.014253063192435383,-0.036668088400049384,unskilled,1992-04-01,2004-01-01,142,0.8678354557479689,0.3338314936447946,-0.10144904102821828,-0.09824247261774462
1051,Growth,0.015274254885794002,0.0,zero_alpha,1986-04-01,1993-10-01,91,0.9211210145715113,0.5405724498404482,-0.0921119827668804,-0.01910397881836715
1052,Aggressive Growth,0.01829092537680826,0.0,zero_alpha,1981-12-01,2005-11-01,288,0.9363552657813007,0.1201032697090405,-0.08462885458924838,0.04173983781150589
1053,Aggressive Growth,0.016770440956758545,-0.032625045151597885,unskilled,1988-06-01,1999-08-01,135,0.825395339509734,0.06883328258349133,-0.02299619619809582,0.0045914001931806735
1054,Growth,0.014633677594532834,0.0,zero_alpha,1985-03-01,1998-09-01,163,0.6465372120450411,0.18790525712767095,-0.3247276191804078,0.25591039246913583
1055,Growth,0.012878804292749405,-0.02849023186889365,unskilled,1976-04-01,2003-10-01,331,0.8658606498681443,0.0130905458401957,-0.1178680225083253,0.17149333352245416
1056,Aggressive Growth,0.010315724238584689,0.0,zero_alpha,1980-12-01,1995-08-01,177,1.0039738499430335,0.026545199176761236,0.03607360382794439,0.06349707477402448
1057,Growth,0.01919885227366079,0.0,zero_alpha,1978-06-01,1987-04-01,107,0.9704387459380238,0.2729700293834684,0.03464758723496586,-0.09447192740792533
1058,Aggressive Growth,0.011350026407874953,0.0,zero_alpha,1988-10-01,1994-03-01,66,1.129933170473874,0.2163228794586216,0.22159861051591745,-0.10360346378469298
1059,Growth,0.021991627870517907,0.0,zero_alpha,1980-11-01,1991-11-01,133,1.2433229815945683,0.702901326639646,0.35787844443896094,0.3160716552920616
1060,Growth & Income,0.016723249117759735,-0.0384823616403738,unskilled,1975-09-01,2005-05-01,357,1.0639000657187703,0.2797122041588574,0.29249668933288064,-0.13148281541082915
1061,Growth,0.017678885570563612,0.0,zero_alpha,1975-06-01,1995-03-01,238,1.157378096361234,0.457786387023457,0.1729304768147869,0.037078942722578584
1062,Aggressive Growth,0.015175804617554668,0.0,zero_alpha,1975-02-01,2006-12-01,383,1.0650161438394679,-0.09782129418078275,-0.03974691815344148,0.0741423071523019
1063,Growth,0.02357112129304096,-0.028780306033615713,unskilled,1995-01-01,2005-09-01,129,1.2064848883891075,0.3012893225075678,-0.134613813991376,-0.026698547722495903
1064,Growth,0.013431911372354891,0.0,zero_alpha,1983-10-01,1998-03-01,174,1.22762804514369,-0.010745336650264753,-0.0064243134983196035,-0.13033056468660392
1065,Aggressive Growth,0.013539369068376252,0.0,zero_alpha,1987-02-01,1996-06-01,113,1.092674775616839,0.26886331582413947,0.10711575395457962,-0.09773449585097303
1066,Growth,0.0228602899154366,0.0,zero_alpha,1990-02-01,2005-10-01,189,1.0559570219636878,0.34212864952871025,0.15438755964913353,-0.061975750345604264
1067,Aggressive Growth,0.01709813841920343,0.0,zero_alpha,1981-01-01,2001-03-01,243,0.9192151742093948,0.18246721100036847,0.11461714670317004,-0.08642393036466686
1068,Growth,0.013982974314482807,0.0,zero_alpha,1978-04-01,2005-01-01,322,0.9437994078554135,0.7718314303686983,-0.034235094275210515,0.21915805897713955
1069,Growth,0.010243022290334618,0.0,zero_alpha,1982-05-01,1997-03-01,179,0.8993244002974606,0.5269949422771132,0.1473724479684523,0.018631100979105687
1070,Growth & Income,0.009900888901038355,0.0,zero_alpha,1978-03-01,2003-12-01,310,1.0431877416342583,0.46431133320727414,0.24217450101670052,-0.05857016517214181
1071,Growth,0.02102868627510472,-0.04043667216979015,unskilled,1980-04-01,2002-02-01,263,0.8419477943960977,0.3610715480925034,0.1660320768135083,0.036043706580080825
1072,Growth & Income,0.010589321552474402,0.0,zero_alpha,1988-09-01,2001-06-01,154,0.9213340685330135,0.6108402044325111,-0.016402611032679797,0.12019338579423716
1073,Growth,0.005114753806067314,0.0,zero_alpha,1976-06-01,2006-01-01,356,0.5967245172232549,-0.18924232436730395,-0.17676973850120137,-0.03169295590863698
1074,Growth,0.005389212785966473,-0.03302580844433022,unskilled,1982-09-01,1999-05-01,201,1.2084634842158763,0.5125707794976441,-0.1815134858776215,0.15529719427638727
1075,Aggressive Growth,0.024568052231931294,-0.03742194036116683,unskilled,1976-09-01,1985-09-01,109,0.9169288126120522,-0.07781107799988071,-0.14624352471843632,-0.17067201615348382
1076,Growth,0.016196758732458887,0.0,zero_alpha,1975-12-01,2006-11-01,372,1.0183370656004864,0.028915220233317607,0.04141503973498598,0.19569554481746207
1077,Growth,0.01478049263718791,0.0,zero_alpha,1977-02-01,2006-09-01,356,1.1686680042067104,0.31034811101541704,0.09396075071112668,0.01865714903416689
1078,Growth,0.023357521382166607,-0.0336383654718098,unskilled,1979-09-01,1985-12-01,76,0.995044015616177,0.47830504137768093,-0.292906463588806,0.01279814723724074
1079,Growth,0.012033747979805855,-0.030158216936496708,unskilled,1975-10-01,2005-02-01,353,1.1666515553140147,-0.11839415792049049,-0.11079902167271018,-0.08395214866972792
1080,Aggressive Growth,0.02089995119310466,0.0,zero_alpha,1976-06-01,2006-12-01,367,0.763739328177295,0.04186378058056728,0.03865709306107878,-0.16417751957701204
1081,Growth,0.019436196255602774,0.0,zero_alpha,1976-06-01,2003-10-01,329,1.3096064884396552,0.19438301812532763,-0.18993598201952053,-0.23000079037230867
1082,Growth,0.01454192964643676,0.0,zero_alpha,1991-06-01,2003-03-01,142,1.1130665297733149,0.12340849882607151,0.07678083061192094,-0.09441650034246792
1083,Growth,0.02049263794917382,-0.02668074233632821,unskilled,1982-11-01,2004-11-01,265,0.9813803738729961,0.38350801530879686,-0.07148565818331315,0.10815098309035286
1084,Growth,0.024315567751852746,0.0,zero_alpha,1985-10-01,2005-03-01,234,1.1637618998938168,1.02898190399613,-0.15468405433385135,-0.12419176334569927
1085,Growth,0.009012147515741413,0.0,zero_alpha,1975-02-01,1996-10-01,261,0.7747047671015942,0.27483017713146995,0.0006410864897795059,-0.21226722785864635
1086,Growth,0.00535018829002043,-0.03166210465255554,unskilled,1980-01-01,2001-08-01,260,0.9067077681845759,-0.01379910954057903,0.06845606591582012,-0.11635979662566796
1087,Growth & Income,0.02142908812528599,-0.029930548573136536,unskilled,1980-07-01,2002-09-01,267,1.1666375594603569,-0.15412708265974887,-0.17970578285398556,-0.037724997625647266
1088,Aggressive Growth,0.013071741456896272,0.0,zero_alpha,1986-01-01,2004-11-01,227,0.6699409728657553,0.0886865216035986,-0.05852247596280951,-0.03182518339935292
1089,Growth,0.015888049870300163,0.0,zero_alpha,1976-11-01,2000-06-01,284,1.0340686662438208,-0.06506247150719752,0.0835356754614216,0.0006660637635853284
1090,Growth,0.009449246414650642,-0.03230662172914423,unskilled,1978-12-01,1998-02-01,231,1.029826423976773,0.2868874479938558,-0.16241803666335353,0.17489095190778176
1091,Growth,0.021835775237057542,-0.03367061720350406,unskilled,1979-10-01,1985-02-01,65,1.2453838725233244,0.28300540894605664,-0.34155136808478037,0.20738816571372337
1092,Growth,0.019424124981454228,-0.027052080327025736,unskilled,1994-12-01,2000-10-01,71,0.7125566870416645,0.054207948868760875,-0.3173147691379509,0.3208193758083983
1093,Growth,0.024067332563895965,0.0,zero_alpha,1976-02-01,2006-12-01,371,1.191444658554745,0.6662387534459457,-0.09361017281139393,-0.22373609750478526
1094,Growth & Income,0.014505037431993682,0.0,zero_alpha,1975-05-01,2004-11-01,355,0.8660793885276645,-0.013861829809973553,-0.2736836552610277,-0.10838258805045019
1095,Aggressive Growth,0.024531300255216555,0.0,zero_alpha,1977-08-01,1998-05-01,250,0.8829485810132217,0.14014223302545645,-0.07954437903524918,0.12477277355896312
1096,Growth,0.015217107859477972,-0.036186991119137306,unskilled,1981-11-01,1991-06-01,116,0.766699341956031,0.32979066647245436,0.3229885702345358,-0.048104682328753756
1097,Growth,0.01742844181725545,0.0,zero_alpha,1980-05-01,2006-05-01,313,0.7868221943799611,0.3930137234424571,-0.28571967753773636,0.14911797047738481
1098,Aggressive Growth,0.01848254879643381,0.0,zero_alpha,1985-05-01,1994-02-01,106,1.0105283521180883,0.4893941303857998,-0.06652097029554016,0.05106701451722405
1099,Growth & Income,0.014795429114403496,0.0,zero_alpha,1979-10-01,1994-11-01,182,0.7831502127827966,0.27712411974830975,0.4164609108542769,0.2568806315055198
1100,Growth,0.01625560381937849,-0.03154755109186063,unskilled,1980-11-01,1994-09-01,167,1.0610426500479373,0.43272817519699924,0.07162601659514199,0.1764074170899029
1101,Growth & Income,0.0094661412940298,-0.03333193745004477,unskilled,1990-12-01,1996-03-01,64,0.8505550929545369,0.003722956993015225,-0.0835446574951199,0.17915249398384722
1102,Growth,0.012247261162658165,0.0,zero_alpha,1977-01-01,2003-10-01,322,0.7680449291227028,0.3995204900875955,-0.041376526903847674,-0.041780741304054375
1103,Aggressive Growth,0.019039864901844963,0.0,zero_alpha,1976-11-01,1995-07-01,225,0.8708286280460158,0.3961822875390999,0.07587250167865559,0.005380873104759227
1104,Growth,0.005779779200358686,0.0,zero_alpha,1990-03-01,2003-08-01,162,1.0005060787634459,0.548221668688384,0.32915438612548803,-0.025788018635103407
1105,Growth,0.0190082623993455,-0.026468556449700555,unskilled,1980-08-01,1999-03-01,224,0.9083970107103471,-0.24710899805713563,-0.11617072149544853,-0.20588382154748602
1106,Growth,0.011075512890849768,0.0,zero_alpha,1981-12-01,1986-11-01,60,0.9551315177499197,-0.0567957789002668,-0.16152205657765656,0.24076538832432992
1107,Growth,0.010436716727484443,0.0,zero_alpha,1986-02-01,2002-11-01,202,1.0544311192754126,0.37578524234182553,-0.2857617465560455,0.13180809632648183
1108,Growth,0.01886976928705222,0.0,zero_alpha,1984-10-01,2003-09-01,228,1.1123632177425422,-0.4928411199703492,0.010619206501960807,-0.031754068612140654
1109,Growth,0.009298903254415125,0.0,zero_alpha,1977-10-01,1991-11-01,170,0.9034857037115853,0.29300154344708756,-0.2911374739635826,0.21568887611899595
1110,Aggressive Growth,0.024233668717786285,0.0,zero_alpha,1975-05-01,2002-09-01,329,0.7933666976635761,0.43495110623284183,-0.10275652496435893,-0.07455514701207332
1111,Growth,0.024813580674261433,0.0,zero_alpha,1975-12-01,1987-08-01,141,0.9614141718383774,0.02590618811239004,-0.1917366882220705,-0.2557201702682913
1112,Aggressive Growth,0.014162008157029175,0.0,zero_alpha,1992-12-01,2001-07-01,104,1.0205974379156106,0.06245249997202203,0.20482470204682116,0.17110546293404216
1113,Growth,0.01302836671684586,-0.017430687669963352,unskilled,1983-01-01,2002-03-01,231,0.7308912041042074,-0.09853433680997595,-0.11167927747336116,-0.1717840349673996
1114,Aggressive Growth,0.006580749127974657,0.0,zero_alpha,1977-06-01,2006-05-01,348,0.8164087554488622,0.03961322006714918,0.0693860656011232,-0.00936631984359751
1115,Growth,0.02056437367588362,0.0,zero_alpha,1985-08-01,2000-08-01,181,0.8421219656055589,0.04685787450956061,-0.3308184003377126,0.05091845611756403
1116,Growth,0.008254479930924761,-0.028783366026554777,unskilled,1985-05-01,1991-07-01,75,0.9188266716919434,-0.000710318616380351,0.016301390890569117,0.07781980171081428
1117,Growth,0.02366095720952162,0.0,zero_alpha,1975-06-01,2006-08-01,375,0.8358449144559821,-0.0144195444461242,-0.25063206117214976,0.14726015843056942
1118,Growth & Income,0.024811854779104206,0.0,zero_alpha,1985-11-01,2002-10-01,204,1.0560561087645348,0.10224880377790163,-0.09512969998597184,0.10712771394012681
1119,Aggressive Growth,0.0074481956016342315,-0.039402682562825087,unskilled,1983-12-01,1993-07-01,116,0.7092300197812373,0.09922392108596965,0.4322405148512448,0.10248387898430403
1120,Growth,0.01866011764185415,0.0,zero_alpha,1984-07-01,2006-02-01,260,0.7130421954208362,0.6385329749652642,0.1764348754481767,-0.0986127673084737
1121,Aggressive Growth,0.014319839831354545,0.0,zero_alpha,1991-08-01,2005-02-01,163,0.8999166782732806,0.07145371422074746,-0.03568251656626138,0.06413653359014859
1122,Growth,0.015822917084210398,-0.031639832133837115,unskilled,1976-05-01,2006-08-01,364,0.9236520793790215,0.25603755404796463,0.6297883819566393,-0.2058324955075159
1123,Growth,0.008591493593095639,-0.0337139307543219,unskilled,1994-01-01,2006-11-01,155,0.7318034190712844,0.025779258380924652,-0.19303493807466354,0.2543206547679244
1124,Growth,0.019470417988898276,0.0,zero_alpha,1979-10-01,1999-07-01,238,0.8589876736028652,0.02260105603963572,0.22304327641507227,-0.19038472357273356
1125,Aggressive Growth,0.0083322544193024,0.0,zero_alpha,1976-06-01,1996-01-01,236,0.8898434273871365,-0.25609263443315555,-0.3165348913694229,-0.0319659758134517
1126,Growth & Income,0.022705999554874755,0.0,zero_alpha,1984-12-01,1996-05-01,138,0.8910053079466781,-0.2228415619527733,-0.0587845515295895,-0.17783113585401755
1127,Growth & Income,0.014079492286863216,-0.025313009462786282,unskilled,1985-02-01,2003-07-01,222,0.9727822224933936,-0.1317495699132499,-0.2795579500361121,-0.0895249428798478
1128,Growth,0.017697361987350894,0.0,zero_alpha,1993-11-01,2001-09-01,95,0.8507631673364656,0.21592420869001772,0.041455183018174954,0.022014262314807652
1129,Growth,0.02343582214096658,0.0,zero_alpha,1978-10-01,2001-02-01,269,1.171675445001241,0.4390434138211463,0.0011940507157513491,-0.05931371477740027
1130,Growth & Income,0.019758790096050735,0.0,zero_alpha,1976-12-01,2002-05-01,306,1.0232306959600357,-0.27666613172387944,-0.07153295983671636,0.19163693872184323
1131,Growth,0.015816957668999387,0.0,zero_alpha,1975-08-01,2006-03-01,368,0.8289329719038017,0.03273079966279577,0.20841140502526134,0.05403515239441946
1132,Growth,0.0130535529568672,0.0,zero_alpha,1989-09-01,2003-05-01,165,0.9641767240051359,-0.1717226773375871,-0.12341979460055806,-0.049436459384288936
1133,Growth & Income,0.014242702439874085,0.0,zero_alpha,1976-03-01,1988-10-01,152,0.9686022977908407,0.10393072646661256,0.05537034956146481,-3.728949610695351e-05
1134,Growth,0.011833461192210785,0.0,zero_alpha,1979-01-01,1998-10-01,238,1.1322082211746671,0.43894237342678766,0.15411098805426773,0.20295506855839032
1135,Growth,0.023923676505048105,0.0,zero_alpha,1976-11-01,2000-07-01,285,0.8599426356625473,0.05827939959800618,-0.30664424177923666,0.1563306324926699
1136,Growth & Income,0.01005715688295298,0.0,zero_alpha,1975-03-01,2006-12-01,382,1.0651008046580859,0.15812075695007585,-0.15968286833487674,-0.15081563410231166
1137,Aggressive Growth,0.013186925651939449,0.0,zero_alpha,1987-05-01,1992-12-01,68,0.9562781713673716,0.5338070990980786,0.0007721934631667818,-0.08209775712094072
1138,Growth & Income,0.020564478493021517,0.0,zero_alpha,1976-10-01,1988-02-01,137,1.173734977467315,0.2844752326269773,0.11603068388566372,0.09121847280265571
1139,Aggressive Growth,0.012286833452521281,-0.030156246079587504,unskilled,1980-03-01,1992-03-01,145,1.143633717895911,-0.0200229639542005,0.27424755318430666,0.07300498790405593
1140,Growth,0.02273221792876239,0.0,zero_alpha,1975-11-01,1987-08-01,142,0.97954689568889,0.20972882145893132,-0.05317595974558408,-0.13755723120981442
1141,Aggressive Growth,0.009861452802940977,0.0,zero_alpha,1981-12-01,1999-05-01,210,0.9106576068475909,-0.03688725285057268,-0.07329420852997683,0.13236898839599354
1142,Aggressive Growth,0.005626896834188077,-0.031214757162773277,unskilled,1978-06-01,2006-12-01,343,1.0259908864519183,0.27512050318399994,-0.18451920604273278,-0.1136311210279594
1143,Growth & Income,0.017575022245037375,0.0,zero_alpha,1989-11-01,1995-08-01,70,0.9229324959309251,0.2988350385181898,0.05599681843540665,0.21557401607845122
1144,Growth,0.015165069154702608,0.0,zero_alpha,1979-05-01,2006-05-01,325,1.2020460658967502,-0.17178992512461314,-0.06942351473961832,0.09941737343744321
1145,Growth,0.023661161597816453,0.0,zero_alpha,1982-09-01,2004-04-01,260,0.9617705117265517,0.21378735434644344,-0.0648064525651437,-0.14978866759685822
1146,Growth,0.013462646517919234,0.0,zero_alpha,1984-04-01,2005-10-01,259,0.8891536051230744,0.1406066855010201,-0.02877770117770167,-0.059361505219511765
1147,Growth,0.007711805159163879,-0.03527073220033898,unskilled,1977-09-01,2000-12-01,280,0.8810577370889111,0.30616934929302797,0.10032561241806782,-0.0619690921792936
1148,Growth & Income,0.011594910744926998,0.0,zero_alpha,1997-10-01,2005-10-01,97,0.7680446622201939,0.3778367627547834,-0.12274611063585221,0.04398150819534963
1149,Growth & Income,0.012864236199208463,-0.02764285611025905,unskilled,1976-08-01,2001-09-01,302,1.0334838692139985,0.2893624010311513,-0.164431617781781,-0.010596534701873567
1150,Growth,0.016662636276516096,0.0,zero_alpha,1983-12-01,1995-07-01,140,0.8269983196040745,0.09420166165506193,0.07634483722682064,-0.15182333700726752
1151,Growth & Income,0.01049000982178352,-0.031846842537027915,unskilled,1983-12-01,2002-10-01,227,1.114722237828162,0.40333250521600006,-0.615144980376517,-0.1891388719333864
1152,Growth,0.0160062664034761,0.0,zero_alpha,1977-07-01,2000-09-01,279,0.756059741899764,-0.04826569407756287,-0.13073563473233712,0.1023535001596792
1153,Growth & Income,0.023160917311319276,0.0,zero_alpha,1977-11-01,1999-02-01,256,0.9690862173459875,-0.16013049834237483,-0.24026189988147284,0.06293552968462447
1154,Aggressive Growth,0.013474606995971469,-0.036064705476551634,unskilled,1977-05-01,1991-01-01,165,1.1225335637746179,-0.6288216711402,0.23065164460335774,0.03583063358075476
1155,Aggressive Growth,0.018031389878752625,0.0,zero_alpha,1975-01-01,1990-08-01,188,0.6271629403064545,0.15246476206571125,-0.09818655250857934,0.060609778844069095
1156,Aggressive Growth,0.009577971742515921,0.0,zero_alpha,1982-02-01,1999-11-01,214,1.2527398315688278,-0.03538660987335879,-0.12214322305344617,-0.07283787212875525
1157,Aggressive Growth,0.02102654090092045,-0.03651463589043513,unskilled,2000-08-01,2006-08-01,73,0.8862072204202835,0.2694386190188377,-0.019724497050654786,0.04759885366627156
1158,Growth & Income,0.01039341260720118,0.0,zero_alpha,1976-08-01,2001-02-01,295,0.9711643073243208,-0.32280684851109187,-0.12907448569298272,0.40077583474764017
1159,Growth,0.016596055870111134,0.0,zero_alpha,1985-09-01,1993-04-01,92,1.0357173838274516,0.008205362275125,-0.09052963163070694,0.19618506811207145
1160,Growth & Income,0.0110049493946537,0.0,zero_alpha,1988-09-01,2006-01-01,209,1.058919358417333,0.28756747646612135,0.009422082084632627,-0.02326126764397558
1161,Growth,0.006348047001236941,-0.03302718778933815,unskilled,1982-04-01,2004-11-01,272,0.9910825907389523,-0.0874590365872451,-0.09440808690125362,-0.058505762065186
1162,Growth,0.011393254811220613,0.0,zero_alpha,1975-02-01,1982-03-01,86,1.099607687555955,0.27231418715321554,-0.0958434904544074,-0.40906590962373496
1163,Aggressive Growth,0.009240613214226985,-0.024683485543902192,unskilled,1975-02-01,2006-12-01,383,1.0278606069382719,0.030744351232989853,-0.21203153474226177,0.1803041229477047
1164,Aggressive Growth,0.022853475368052583,0.0,zero_alpha,1977-06-01,1992-07-01,182,1.2141321710048456,0.1617979225550006,-0.24075674810410624,0.1379908030662219
1165,Growth & Income,0.010323242292762864,0.0,zero_alpha,1981-08-01,1986-12-01,65,1.0283491314281896,0.31878950160421393,0.0021273795180561175,-0.061574195391473865
1166,Growth,0.02448846363537844,0.0,zero_alpha,1977-04-01,2000-01-01,274,1.244695327982463,0.40819925577882826,0.0513201019571645,-0.19475615243156913
1167,Growth,0.014846916234497305,0.0,zero_alpha,1982-05-01,2002-05-01,241,1.0851618260356484,0.1931231028301518,-0.29563132875678994,-0.1532901164784589
1168,Growth,0.009421299331352984,0.0,zero_alpha,1976-12-01,1999-03-01,268,0.6791374811347606,-0.03350257371968621,0.1419882830761695,0.08665967937191343
1169,Growth & Income,0.012826882663313912,-0.029769638992589595,unskilled,1976-09-01,2001-12-01,304,1.3416654017581762,0.055490284405087506,0.14280952796494947,0.006598889950622857
1170,Growth & Income,0.008668622349951747,0.0,zero_alpha,1978-03-01,1995-12-01,214,0.8638483837284171,0.32923884077173954,0.18493782765572464,0.12373880264109219
1171,Growth & Income,0.021673665076909078,0.0,zero_alpha,1976-09-01,2003-12-01,328,1.1743316022802603,-0.08531339587065165,0.049977816948119536,0.0329664707552275
1172,Growth,0.0073993853861295065,0.0,zero_alpha,1986-03-01,2001-02-01,180,0.9540190164679158,0.1254833508399486,0.11741642005779919,0.16501382481747265
1173,Growth & Income,0.022470555029908267,0.0,zero_alpha,1979-12-01,1999-08-01,237,1.1091635386403869,0.0735289754096313,0.4270051689156644,0.07543627105883703
1174,Growth,0.005918340969041765,0.0,zero_alpha,1982-06-01,1991-08-01,111,0.8467281633701309,0.14415955417025886,-0.07030432017545866,0.14431930702410212
1175,Growth & Income,0.01099215863058666,0.0,zero_alpha,1980-05-01,2002-01-01,261,1.043861681463438,-0.0823206323123443,-0.21913830017791136,-0.29345251163829056
1176,Growth,0.007797734404855537,0.0,zero_alpha,1987-04-01,1999-04-01,145,0.9120214181908392,-0.29298608805302795,-0.31681197664429234,-0.165151835574619
1177,Growth,0.018705310918414746,0.0,zero_alpha,1975-02-01,1998-11-01,286,1.1868504667384832,0.3001856539899108,0.3411347860464633,-0.034652750483144104
1178,Growth,0.015246434619860822,-0.032398591054531994,unskilled,1979-10-01,2006-05-01,320,1.0158002251125513,0.41103285587216215,0.3437574517397315,0.1819353177350363
1179,Aggressive Growth,0.023786791456957418,0.0,zero_alpha,1978-07-01,2006-09-01,339,1.090391396195235,-0.2780437393745391,-0.19491994838684612,0.30207945891016097
1180,Growth,0.012323615221612983,0.0,zero_alpha,1976-03-01,2006-03-01,361,0.6253884692790395,0.2622315402315541,-0.15546416253571135,-0.0046353673580316855
1181,Growth,0.00581498187000987,-0.039947837466544844,unskilled,1988-09-01,1996-11-01,99,0.9371640980317062,0.44079572871129413,-0.07479820750623441,-0.07173700958322698
1182,Aggressive Growth,0.02023318126390267,0.0,zero_alpha,1991-04-01,1999-11-01,104,1.0115827452587443,0.3189777616905808,0.23485137442919668,-0.27324528163867046
1183,Growth & Income,0.01659001299351435,0.0,zero_alpha,1975-11-01,2005-11-01,361,0.983542235965956,0.06583245533098339,-0.26746043969606204,0.14953456461097459
1184,Aggressive Growth,0.02154870610488828,0.0,zero_alpha,1981-02-01,1996-04-01,183,1.0941735820576775,-0.06587409243768941,-0.40332390497777504,-0.06252858627917153
1185,Growth,0.013522771441472164,0.0,zero_alpha,1984-04-01,1989-11-01,68,0.8951143632293818,0.19024451983749732,0.42350289531243224,0.4637502004037232
1186,Aggressive Growth,0.019763623227129015,0.0,zero_alpha,1978-02-01,1990-10-01,153,0.9573180657551945,0.2319462647117202,0.052474657384015085,-0.09091058800517698
1187,Growth,0.008421314122989363,0.0,zero_alpha,1978-10-01,2006-04-01,331,1.1271840146622487,0.1939518777889747,0.08088266118371214,0.3357912645290997
1188,Growth,0.024990531096636823,-0.0370778954060377,unskilled,1980-08-01,1995-02-01,175,0.6081966494831965,0.12496634247060859,-0.05102120103999864,0.13225510753812006
1189,Growth,0.00847293949738218,0.0,zero_alpha,1982-02-01,1989-01-01,84,1.038402575245751,-0.10066293103068932,0.08315698474360474,-0.13423965989820502
1190,Growth,0.02159601255317732,0.0,zero_alpha,1982-04-01,2006-09-01,294,0.899917276100967,0.27567207282721296,-0.3128411766681972,0.05482156829653799
1191,Growth,0.009248763379254524,-0.03007524516947068,unskilled,1986-01-01,1996-03-01,123,0.8131522813169567,0.287713623603381,-0.17818411337204598,0.13570707898256992
1192,Growth,0.02065015969188336,0.0,zero_alpha,1985-12-01,2000-05-01,174,1.0004816336413969,0.22020553136541798,0.011031576904521065,-0.013787828877487456
1193,Growth,0.02222504834054946,0.0,zero_alpha,1981-08-01,1986-08-01,61,1.1341176945212983,0.19774841126781434,-0.4641781785800484,0.14569740658284477
1194,Aggressive Growth,0.022532818124195362,0.0,zero_alpha,1978-01-01,1999-03-01,255,1.105871574722627,0.5898123719365264,-0.07050352276284583,0.14239357390229898
1195,Growth,0.014514368938263529,-0.03694769060015932,unskilled,1985-12-01,2002-11-01,204,0.9297330453640057,0.01390530385665098,-0.08283287406688145,0.1094507750891197
1196,Growth,0.01357625946233252,-0.03443153954536665,unskilled,1976-08-01,2004-12-01,341,1.0813611445641422,0.490358774364164,-0.07053804639007227,0.017528994792874158
1197,Growth,0.02167582260261473,0.0,zero_alpha,1977-09-01,1991-08-01,168,1.0802101847668766,-0.013506117305459392,-0.12021636156419623,-0.156241013395919
1198,Aggressive Growth,0.016589784459016283,0.0,zero_alpha,1993-01-01,2003-06-01,126,0.9368943094260249,0.4472376432391071,-0.20917838517489945,0.00848219367871498
1199,Growth & Income,0.017425536629770567,-0.03343691680774588,unskilled,1984-02-01,1993-06-01,113,0.8460379172017688,0.47834188752013596,-0.374406370054184,0.04640969955737645
1200,Growth,0.00972134242417243,0.0,zero_alpha,1989-06-01,1999-10-01,125,0.8547148953316505,0.09673719914952937,0.01894940943348241,-0.26140763065567363
1201,Aggressive Growth,0.013923140284052133,0.0,zero_alpha,1980-02-01,1997-03-01,206,1.0756780023302206,0.5852407635152084,-0.07002479735924864,0.04538529739870156
1202,Growth & Income,0.01238897776133574,-0.03212931423976928,unskilled,1988-11-01,1996-02-01,88,0.9436779779430964,0.2872589716865223,-0.2850563093137356,0.005479810278478502
1203,Aggressive Growth,0.018306431181760684,0.0,zero_alpha,1987-08-01,2003-05-01,190,0.7930726670404117,-0.04931811028514188,0.0025066825667541346,-0.17449391061774316
1204,Growth,0.00892966560038392,0.0,zero_alpha,1978-07-01,2006-07-01,337,0.6972705746736312,0.07646085140269776,-0.06899003901454122,-0.02995095860376352
1205,Growth,0.013115038534445775,-0.039335226226954956,unskilled,1976-04-01,2001-12-01,309,1.0747747178144569,0.45319057652666284,-0.10220479033242301,-0.026776952025144834
1206,Growth,0.021974641179963155,0.0,zero_alpha,1981-08-01,2003-10-01,267,0.8679832366603664,0.40076617546916243,-0.4413789773614901,0.3095141800240128
1207,Growth,0.015928913541770645,0.0,zero_alpha,1977-09-01,2006-10-01,350,0.9995581633483972,-0.09451010034482268,0.1265535024615786,0.05301775192660506
1208,Growth,0.02292087954649624,0.0,zero_alpha,1978-11-01,2004-11-01,313,1.1359560360603684,0.13518567195237574,-0.25661020802182605,0.17540678769718981
1209,Growth & Income,0.009650548879133615,0.0,zero_alpha,1976-05-01,1998-12-01,272,0.7536613284719772,0.22088074569412797,0.002654050968248318,0.002327704326402707
1210,Growth,0.013798066731965392,0.0,zero_alpha,1975-09-01,2003-12-01,340,0.9432293929230732,0.043098852731097786,-0.1716536886865386,-0.2610874775252625
1211,Growth,0.015008324463902104,0.0,zero_alpha,1979-10-01,1988-01-01,100,0.9243958780671695,0.7594499308436798,-0.08774530350959704,0.12085127732324351
1212,Growth & Income,0.013011348146123727,-0.03888343073778154,unskilled,1975-07-01,2002-07-01,325,1.0069614313441941,0.2284159358513314,0.2204584983499822,-0.07872800943813121
1213,Growth,0.018689871246950606,-0.031653094324336106,unskilled,1989-05-01,2002-04-01,156,1.1358739997630651,0.15454695227423768,0.09632364016067478,-0.03034001949818659
1214,Growth,0.007974396231869407,0.0,zero_alpha,1981-12-01,2006-09-01,298,0.7505822278006388,0.46771276106452253,0.21600798925789402,-0.1379456873673206
1215,Growth & Income,0.015388007803437152,0.0,zero_alpha,1976-03-01,2005-10-01,356,1.035469692305865,0.07869661629029127,0.056077098924314665,0.03091517958820398
1216,Growth,0.0077754470095201846,0.0,zero_alpha,1983-03-01,2001-07-01,221,1.1047285662490551,0.42185690265433073,0.06922871686815611,0.1797767542433678
1217,Growth,0.017583949775751097,0.0,zero_alpha,1994-02-01,2001-05-01,88,0.9220434404064826,-0.2469330988957462,-0.3662278000452356,0.1599107162711939
1218,Growth,0.021604962665489343,0.0,zero_alpha,1982-02-01,1997-01-01,180,0.9293829510660314,0.05658648843860847,-0.07350499877331082,0.25792842616777467
1219,Growth,0.005399940933871281,0.0,zero_alpha,1982-08-01,1998-07-01,192,1.0127674053477382,0.4322676045943117,-0.05498178636972166,0.2791939186931167
1220,Growth & Income,0.014138724434078688,0.0,zero_alpha,1976-01-01,2006-04-01,364,1.0017225616834682,0.5625494301474178,0.23473296407039507,-0.2868811345387335
1221,Growth,0.014854071836205903,-0.02973017210345652,unskilled,1975-06-01,2005-11-01,366,1.0373528911050682,-0.02332392825149826,-0.11124586558138566,-0.1590430841393698
1222,Growth & Income,0.019405084213062744,0.0,zero_alpha,1975-09-01,1995-12-01,244,1.0341920789601824,-0.05245540905466209,0.04297190181122449,-0.25122873674898294
1223,Growth,0.0064943986395007165,0.0,zero_alpha,1975-10-01,2006-05-01,368,0.8027041541576523,0.3118616075926148,0.03515146861695046,0.11478956155843852
1224,Growth & Income,0.013120415625401921,0.0,zero_alpha,1987-08-01,2004-04-01,201,1.0985399746557414,0.01424152627057182,0.22153503205614547,-0.08396226756987289
1225,Growth,0.02070962462345112,-0.03659726143000805,unskilled,1976-03-01,1992-03-01,193,1.1250174743285357,0.10285552056115152,-0.0367488164612267,-0.05337704977658944
1226,Growth & Income,0.015642891230217486,0.0,zero_alpha,1975-12-01,2003-06-01,331,0.9779124340535447,0.3891012561842895,0.15555738973862931,-0.012489614789118298
1227,Growth,0.019996923762265226,-0.029767344119850277,unskilled,1977-05-01,2000-04-01,276,0.7258767040175499,0.033974454596497006,-0.3509730268275049,0.07738560321361274
1228,Growth & Income,0.012280195605433163,0.0,zero_alpha,1985-06-01,2004-06-01,229,0.9327881440999863,-0.32135643788392143,-0.33280388658878834,-0.20279815720096844
1229,Growth & Income,0.023401753637717102,0.0,zero_alpha,1982-06-01,1999-09-01,208,0.9791608815410852,-0.1552711089014703,-0.4666688689249054,-0.16882951939511306
1230,Growth,0.006546905164390298,0.0,zero_alpha,1979-04-01,2003-04-01,289,0.7783099643319774,0.17248889643007023,0.14719699502666667,0.02019443097966602
1231,Growth,0.00682328811605595,0.0,zero_alpha,1979-05-01,2004-08-01,304,0.8959792904634479,-0.29585578711822114,0.1247333875577472,0.1998118904231701
1232,Growth,0.015569718098180928,-0.03851089753431159,unskilled,1978-10-01,1996-12-01,219,0.7385945918662187,0.09570989567566986,0.16936551477985645,0.016190389512337294
1233,Growth,0.01441647698071305,-0.036794413004144995,unskilled,1993-09-01,1999-06-01,70,1.0410938337479665,-0.178024129060998,-0.14547236714123862,-0.09874895595730483
1234,Growth,0.01776935054929803,0.0,zero_alpha,1975-09-01,1983-05-01,93,0.9748932972353076,0.5799847517163996,-0.12270953150693324,-0.3022313020506454
1235,Aggressive Growth,0.009581122694784361,0.0,zero_alpha,1977-08-01,1986-05-01,106,0.7031325252778633,0.7112856486914182,-0.03420952853246215,0.16290133775904184
1236,Growth & Income,0.009520565819537512,0.0,zero_alpha,1986-11-01,2004-04-01,210,1.0027197292372971,-0.0945492755855171,0.2787398605895312,-0.09038974740857202
1237,Growth & Income,0.019982191355394075,-0.037199920531202475,unskilled,1981-11-01,2003-05-01,259,0.9415236578914563,0.23418967000947952,0.32876562552441024,-0.15211553736275818
1238,Growth,0.010835304014093463,0.0,zero_alpha,1975-12-01,2002-08-01,321,1.0274621424131607,-0.07010093299921305,0.14876169796827254,-0.23729878396881718
1239,Growth,0.019545834703200045,-0.037857833144126704,unskilled,1984-02-01,1995-04-01,135,0.8912701349366858,0.0926710994863722,0.05620394496070021,-0.19586512167129483
1240,Growth,0.017814139701591597,0.0,zero_alpha,1975-04-01,2001-06-01,315,0.8297780898885463,0.6208673319889514,0.25707653954002513,-0.12418213306807789
1241,Aggressive Growth,0.006666543066583473,0.0,zero_alpha,1981-02-01,2004-01-01,276,0.834373306031329,0.05332786306837868,-0.06116849142991168,-0.015827310429122655
1242,Growth & Income,0.01922259279472148,-0.026986210873476982,unskilled,1994-06-01,2000-09-01,76,0.8692744675177393,0.0984906344407216,-0.08818830609645899,-0.16131125571409854
1243,Growth,0.022590307492118513,-0.029927952833620017,unskilled,1979-11-01,1994-04-01,174,0.952823764487157,-0.06563231680692422,-0.03580442412276222,0.0478562056321456
1244,Growth,0.021332925146952446,0.0,zero_alpha,1981-08-01,1994-09-01,158,0.9721937698137187,0.4565473444162158,-0.20574287388391557,-0.016967160987715346
1245,Growth,0.005177237317795502,-0.03935403147251329,unskilled,1975-09-01,2004-08-01,348,0.9213920183287845,-0.6458166756310066,-0.04500187287432255,0.3532988433776791
1246,Growth,0.015794278122772475,-0.03154239910913396,unskilled,1975-11-01,2005-09-01,359,0.8865020676505221,0.059300669617094764,-0.23348160875678806,-0.23566646745889927
1247,Growth & Income,0.023266744235468435,0.0,zero_alpha,1976-05-01,2003-06-01,326,0.8972895097991777,0.15852847646613533,0.19500156377991568,0.04422191454685727
1248,Aggressive Growth,0.016974513483983326,0.0,zero_alpha,1978-03-01,1997-05-01,231,1.32615871782604,0.004730667537271416,0.09873747820660358,0.046100748356143556
1249,Growth,0.010806521413062032,-0.030083114434087645,unskilled,1980-11-01,1999-02-01,220,0.8343912272752687,0.3858863769327918,0.27591247950956505,-0.1345836105884723
1250,Growth,0.008890892839995949,0.0,zero_alpha,1991-01-01,2004-05-01,161,0.8663041987180711,0.47050682099261854,-0.3358565605828379,0.034287859617119096
1251,Growth,0.01869895058709924,0.0,zero_alpha,1979-09-01,2005-07-01,311,1.444078116255222,-0.1830098782198787,0.3703393893844146,0.13543915496100734
1252,Aggressive Growth,0.02042507869425746,0.0,zero_alpha,1982-05-01,1989-08-01,88,1.0131519953690828,0.6933716634427012,-0.3244950827586881,0.03447372238367488
1253,Aggressive Growth,0.02325169529834801,0.0,zero_alpha,1993-08-01,2005-11-01,148,0.7430029001144456,-0.18581470608837888,-0.2496616150166412,0.22766943272297563
1254,Growth,0.023114331670662108,0.0,zero_alpha,1979-12-01,1988-06-01,103,1.0764030805965894,0.4921576704189604,-0.13416430937261803,-0.3066531427143008
1255,Growth,0.01178560332231432,0.0,zero_alpha,1987-07-01,2005-10-01,220,0.8134941666198279,0.2074569246339236,0.25154413839397294,-0.10633501192040808
1256,Growth & Income,0.01707753863011568,0.0,zero_alpha,1980-11-01,1993-11-01,157,1.0863592261707646,0.04407472572154636,0.03511469944571468,0.24125840708464164
1257,Growth & Income,0.007030383717179876,-0.02328032736916104,unskilled,1986-10-01,1997-01-01,124,0.9183556580943978,0.06765826758104097,-0.058765850104314364,0.15680394998957753
1258,Growth,0.00688925100327595,0.0,zero_alpha,1978-06-01,1993-07-01,182,0.8840306225765888,0.16162180233492154,-0.16852548692903213,0.10107675668994319
1259,Growth,0.006429371336010932,0.0,zero_alpha,1977-12-01,2006-02-01,339,1.1913747453241375,0.22210446546594548,-0.28518703013214,0.20498231097791886
1260,Growth & Income,0.023542884921758243,-0.031117437893137763,unskilled,1978-10-01,1998-10-01,241,1.0349602028988867,-0.060038587842881325,0.2165254647386021,-0.2674836818052655
1261,Aggressive Growth,0.00804864852454987,0.0,zero_alpha,1979-03-01,2006-05-01,327,1.095948415617381,0.11151501058040242,0.14972785220972795,0.1393415994084231
1262,Growth & Income,0.014646523969772573,0.0,zero_alpha,1975-03-01,2004-11-01,357,1.015237951927992,-0.02266820573189865,0.26049007541847,0.17965552436291338
1263,Growth,0.013661447295888144,-0.03193752940636156,unskilled,1976-05-01,2005-09-01,353,0.8833333214310352,-0.1337623817684682,0.06936362539622486,-0.07880502492636046
1264,Growth,0.011495422192533088,0.0,zero_alpha,1977-10-01,1992-03-01,174,1.0417031630387312,-0.034327925614474286,-0.538420491711107,0.41438556768368395
1265,Growth,0.01575461304702873,-0.030853943129424653,unskilled,1977-12-01,2006-08-01,345,1.131382308902669,-0.11749365817385984,-0.25891658653629046,0.04945234460930863
1266,Growth & Income,0.005055817809471772,0.0,zero_alpha,1976-01-01,2005-07-01,355,0.970210706527633,0.06496127181237034,0.08297426116934176,-0.3089153563762811
1267,Aggressive Growth,0.012602986766391948,0.0,zero_alpha,1975-10-01,2006-08-01,371,1.2202463906519758,0.2781187263671039,-0.08394340504720402,0.0771907996900631
1268,Growth,0.014586881209393082,-0.03861349806177201,unskilled,1990-06-01,2004-11-01,174,1.0775730804802863,0.20017758854449058,-0.12176839338562537,-0.08797900449840983
1269,Growth & Income,0.021066087724106012,0.0,zero_alpha,1986-03-01,1997-04-01,134,0.9817973824657418,0.6635861941651627,-0.23064535297790575,0.19474929108942768
1270,Growth & Income,0.01901926858603291,0.0,zero_alpha,1975-08-01,1996-04-01,249,0.9877229796526726,-0.3826132534299792,0.17951791348290805,0.10219160500869469
1271,Growth,0.021995236080359148,0.0,zero_alpha,1975-06-01,2005-07-01,362,0.9705855693451436,0.28733524155354717,0.08123852748286157,-0.06968831084142864
1272,Aggressive Growth,0.012525964705302425,0.0,zero_alpha,1975-08-01,2004-11-01,352,0.7623141821607512,0.17160505963108805,0.09023824458162452,0.24536778773943438
1273,Aggressive Growth,0.00781811055594777,0.0,zero_alpha,1985-08-01,2005-12-01,245,0.9364891706287092,0.3739175855929917,-0.13672044975701145,0.16091769589689656
1274,Growth,0.013021129278661062,0.0,zero_alpha,1995-12-01,2004-11-01,108,0.983177972801175,0.34911630107760216,0.025257551779961904,-0.10418799815231522
1275,Aggressive Growth,0.024261192678500153,-0.03622830516383674,unskilled,1982-06-01,1998-10-01,197,0.8875872318100206,0.12875206246620574,-0.2775529852392962,-0.002806762084127147
1276,Growth,0.00928655188114537,0.0,zero_alpha,1981-11-01,2006-02-01,292,1.0006515528057043,0.2131628212141889,-0.03596559616923871,0.09753751861461205
1277,Growth & Income,0.008495107259481265,-0.03220381263067717,unskilled,1977-12-01,1998-01-01,242,0.9531961235532667,-0.016017303229621138,-0.5155859157186218,-0.03463948941589326
1278,Growth & Income,0.023886745523181516,0.0,zero_alpha,1987-01-01,2001-04-01,172,1.0660537836648152,0.32341999483861356,-0.32362322782691105,-0.030159910577088247
1279,Growth & Income,0.023998461696204256,0.0,zero_alpha,1981-12-01,1996-02-01,171,1.0494668571598595,-0.2997190130306753,-0.07446236885040228,0.025508754239672617
1280,Aggressive Growth,0.007984737088598313,-0.028346126544306776,unskilled,1981-02-01,1987-08-01,79,0.9750729931377261,0.3642066096623293,0.46502362925498636,-0.13986978760560842
1281,Growth,0.020389057231023983,0.0,zero_alpha,1979-11-01,1992-07-01,153,0.7449180663047003,0.16420663894097248,-0.3701486146849729,-0.31491480078654516
1282,Growth,0.013594850083715408,0.0,zero_alpha,1978-10-01,2001-10-01,277,1.2186084108021755,0.04823449054222781,-0.2587161185079726,0.055870229349805636
1283,Aggressive Growth,0.014844314320098435,0.0,zero_alpha,1981-12-01,1993-05-01,138,0.9287163502143285,0.11186670013831845,0.033354959338562015,-0.27833499239427784
1284,Growth,0.014973762929162925,0.0,zero_alpha,1975-01-01,2006-10-01,382,0.9378670319457302,0.1302009413529048,0.3438845812029206,-0.1289558054717081
1285,Aggressive Growth,0.024367431222366873,0.0,zero_alpha,1983-04-01,1990-05-01,86,0.8986218726950918,0.4943259401201253,0.030434499397614688,-0.24573735384228582
1286,Growth,0.008693222285001773,0.0,zero_alpha,1976-06-01,1997-04-01,251,0.8767382515901695,0.9783734158121281,0.13042837046083128,-0.22726666716419547
1287,Growth,0.020461274705056366,0.0,zero_alpha,1988-04-01,2006-08-01,221,1.1816087072000785,0.4749677060375955,-0.07752075013529544,0.08395327611789374
1288,Growth,0.005113482167192167,0.0,zero_alpha,1976-09-01,2004-02-01,330,1.1579066480579119,0.028668553527560953,-0.11212431778787534,-0.013346224759011
1289,Aggressive Growth,0.017572202138176115,-0.030432430762749024,unskilled,1975-04-01,2004-03-01,348,1.0166590105366506,0.3274454560713198,0.006436870413551293,-0.018760068320218527
1290,Growth,0.018053559533981193,0.0,zero_alpha,1982-02-01,2001-09-01,236,0.9338749768353911,0.338332291514371,-0.14165787812522088,-0.17738526754360143
1291,Aggressive Growth,0.020074124189013755,0.0,zero_alpha,1983-11-01,2005-10-01,264,1.042867697752063,-0.06129018061180505,0.13485386774354902,-0.07837736332578417
1292,Growth,0.02351924725612251,0.0,zero_alpha,1977-12-01,2001-10-01,287,0.9610695472654058,-0.1451998243051704,-0.3312543797891168,0.0764682738815281
1293,Aggressive Growth,0.020076702113112785,0.0,zero_alpha,1985-12-01,2004-12-01,229,0.9214665622515351,0.15417976777080286,0.16799740651336675,0.012186910204024909
1294,Aggressive Growth,0.019642879716790178,0.0,zero_alpha,1988-06-01,1998-05-01,120,1.0007158882259495,0.3719269006753587,-0.0021373975394495745,0.14340110915629778
1295,Growth,0.0100757503264195,0.0,zero_alpha,1986-06-01,2002-12-01,199,0.8838263379581832,-0.2329520669003571,-0.0529441737201727,0.16476380181888717
1296,Growth,0.02485679418342959,-0.032946221704682026,unskilled,1981-02-01,1992-07-01,138,0.9878396396005148,-0.010224466913601515,-0.33859691203728437,-0.017832978738731627
1297,Growth,0.014368176218478516,0.0,zero_alpha,1975-07-01,1992-12-01,210,0.9806331388432453,0.31316292724760164,-0.20595773439957396,-0.2578373928880738
1298,Growth,0.013349002045584462,0.0,zero_alpha,1978-08-01,2000-02-01,259,1.0404404031886887,0.18043090331764505,0.22973029462663572,-0.09349673485993243
1299,Aggressive Growth,0.015037551465541869,0.0,zero_alpha,1994-10-01,2005-05-01,128,0.8571294563786587,0.5240684051497488,-0.051719799606673084,0.005346607869096236
1300,Growth,0.012881129115073667,0.0,zero_alpha,1991-01-01,2002-09-01,141,1.0565204529314811,-0.18284186351908585,0.045679693174564225,-0.09647305780061713
1301,Growth & Income,0.016872751424519092,0.0,zero_alpha,1978-10-01,2005-12-01,327,0.8140532760574242,0.758041233362364,-0.18590640266306932,-0.138193631700063
1302,Aggressive Growth,0.011992491795700529,0.0,zero_alpha,1989-11-01,2004-12-01,182,0.8641150022568141,-0.21449811089239487,-0.015810927245090173,0.03046284263352292
1303,Growth,0.009798896978891917,0.0,zero_alpha,1983-02-01,1993-05-01,124,0.8706612411281384,-0.3372909297070651,-0.2844304096239959,0.3845454654099921
1304,Growth & Income,0.02355989803591479,0.0,zero_alpha,1977-07-01,2001-09-01,291,0.7891922341439482,0.1552718051256733,0.00997645085757744,-0.05322820930545627
1305,Aggressive Growth,0.023556569599416242,0.0,zero_alpha,1982-03-01,2006-06-01,292,1.1023493425078494,-0.11361473206150233,0.06412817945404096,0.019579122126233778
1306,Growth,0.014924908255613774,0.0,zero_alpha,1977-09-01,2004-12-01,328,0.8046421285715304,0.16031108398878025,0.05412294543700354,-0.17680538158464829
1307,Aggressive Growth,0.02424294687888607,-0.025204062123797815,unskilled,1976-12-01,2002-05-01,306,0.8451625493889992,0.15156828026133334,-0.19071696609803238,0.206510158256227
1308,Growth & Income,0.013314343196887148,-0.025355197047815053,unskilled,1975-01-01,2006-10-01,382,1.1383111565729962,0.1210564469731422,-0.07841019682010032,0.15121145650271345
1309,Growth,0.01274757736933237,0.0,zero_alpha,1985-02-01,2005-07-01,246,0.8644125947219524,-0.040602758049194776,0.0974388291963263,0.1408601209198876
1310,Growth,0.02333812271428349,0.0,zero_alpha,1976-01-01,1988-09-01,153,0.9217785972292855,0.27816403814492274,-0.052287519055619694,0.22396937169571174
1311,Growth,0.017658340060463476,0.0,zero_alpha,1975-03-01,2003-06-01,340,0.7981956498625196,0.09066572130820762,-0.067461076468022,-0.04410120320422109
1312,Growth,0.020250347399937644,-0.03675011027455291,unskilled,1989-09-01,2001-10-01,146,1.0749426811434026,0.44591621768869094,0.3706935217251113,-0.02536267297684328
1313,Aggressive Growth,0.013254876631280426,0.0,zero_alpha,1975-01-01,1987-10-01,154,1.0770104366286597,0.12490693686792333,-0.20019782377322493,0.2764817797829975
1314,Growth,0.013140033289520302,0.0,zero_alpha,1975-10-01,2003-02-01,329,1.0608418856185169,-0.07116185571664735,0.20608369361779652,0.11490921544168378
1315,Aggressive Growth,0.00666607409756201,0.0,zero_alpha,1978-03-01,2006-12-01,346,1.0306294742290916,-0.2519276379608464,-0.24093613270098613,-0.3128832732016242
1316,Growth,0.024334877692275467,-0.03265568765101672,unskilled,1982-08-01,1996-09-01,170,0.9610383666529214,0.12697264213790715,0.12095621715428291,0.08822314634555144
1317,Growth,0.009559179336842121,0.0,zero_alpha,1980-05-01,2005-01-01,297,0.8713434999593023,-0.14730114284065562,0.13163051162479464,-0.06725470911543947
1318,Growth & Income,0.014885341272678619,0.0,zero_alpha,1976-01-01,2005-11-01,359,0.8277546040000968,-0.16749046350119448,-0.11207303101140914,0.1547257736984986
1319,Growth,0.007292205436921411,0.0,zero_alpha,1975-06-01,2001-12-01,319,1.1434858290142504,0.3018643272867467,-0.2534953705724213,0.08122857041302604
1320,Growth,0.017939072267087325,-0.025970731895558832,unskilled,1979-12-01,1984-12-01,61,1.0647206407589884,-0.2744175152908479,-0.40408664076068357,-0.24108141460341984
1321,Growth,0.01281750900495534,0.0,zero_alpha,1981-12-01,2004-10-01,275,0.8460043659199363,0.5230483445832281,-0.13302270178506714,0.06032452557432162
1322,Growth,0.020353237481848554,0.0,zero_alpha,1977-02-01,1986-08-01,115,0.9559747652334701,0.20992909609888505,0.09524372959046476,0.051594159087741134
1323,Growth,0.015567573089759298,0.0,zero_alpha,1977-06-01,2005-04-01,335,0.904982736052248,0.1590393422437597,-0.22552563141991572,0.07451937296971797
1324,Growth,0.007589586303698754,0.0,zero_alpha,1983-10-01,1990-06-01,81,0.7807683941441375,-0.08869148513764649,0.009389716184745605,0.1063293277869963
1325,Aggressive Growth,0.005214810171898921,0.0,zero_alpha,1975-02-01,2006-11-01,382,0.9766477064931953,0.36109307408573454,-0.3052859595821691,0.2443948939732597
1326,Growth,0.00924897364600609,-0.028673074455136068,unskilled,1996-04-01,2005-12-01,117,0.8876761003641206,0.1692737666006512,-0.0567776384207928,0.08208334844214477
1327,Growth & Income,0.019486929896409114,-0.03136079798416357,unskilled,1984-07-01,2000-10-01,196,0.8071195000556471,-0.0015241606852004763,-0.23940878083974618,0.023434769071169675
1328,Growth & Income,0.021570282552017272,0.0,zero_alpha,1987-10-01,1999-01-01,136,0.7281301168787356,0.21995617416289726,-0.02559610037888542,0.19219513312823372
1329,Growth,0.011826700713192289,-0.03552336631434941,unskilled,1976-10-01,2003-09-01,324,0.7154294749691493,-0.25069636385984506,-0.11021589392150641,0.35641110853846514
1330,Growth,0.01571850142465709,0.0,zero_alpha,1981-04-01,1996-10-01,187,0.8942860808458041,-0.23883178288728465,-0.24807322724752,0.15726061312521336
1331,Growth & Income,0.009800265809171121,0.0,zero_alpha,1979-10-01,2004-10-01,301,0.9372357544362626,-0.11004652132526957,-0.14177469557778813,0.05093091902121352
1332,Growth,0.022608864818399216,0.0,zero_alpha,1975-12-01,1982-08-01,81,0.8187048784756525,0.2573818169024285,-0.19683137244839866,0.08487958246533779
1333,Growth,0.024304142918183638,0.0,zero_alpha,1978-07-01,1995-09-01,207,1.047610914148584,0.1691854195484671,-0.2727849400474826,0.058406563909738696
1334,Growth,0.0200588004745388,0.0,zero_alpha,1976-06-01,2006-01-01,356,0.9401680187325556,0.4322448163889382,0.2065491650578835,0.022777762290999103
1335,Aggressive Growth,0.006777734411836623,0.0,zero_alpha,1976-03-01,2006-03-01,361,1.0365327965897975,-0.05999746304214418,-0.08203497289018495,0.3447756247259571
1336,Growth,0.01374237161237838,0.0,zero_alpha,1976-12-01,1987-06-01,127,0.9225633814718438,0.31366696012033546,-0.4504450898147331,-0.09235800614746487
1337,Growth,0.024810113634999537,0.0,zero_alpha,1987-12-01,2003-07-01,188,0.8319323547189341,0.14153236190117974,-0.13465616151893714,0.1932358742364049
1338,Growth,0.009587696586265296,-0.025232070552153013,unskilled,1983-09-01,1999-08-01,192,0.967117635670792,-0.06576129868523214,0.1729423427636529,0.0011214585949139398
1339,Aggressive Growth,0.018409433403509576,0.0,zero_alpha,1977-10-01,1997-12-01,243,0.7605988231972516,0.26632691767822975,-0.1622717266514753,-0.2020628755208086
1340,Growth,0.02377126962855313,0.0,zero_alpha,1984-06-01,2003-11-01,234,1.0309157780954972,0.15349703543869186,0.2895487756267258,-0.00824766153797599
1341,Aggressive Growth,0.020464067765267747,-0.025469991291465877,unskilled,1999-01-01,2006-10-01,94,0.8094276190230298,0.012720201463650327,-0.18133241099231784,-0.06201637506308719
1342,Growth,0.017177203113285577,-0.026553912516446034,unskilled,1977-10-01,2003-04-01,307,1.0877348789800172,0.18049977178602292,0.09068161116329103,0.1066365977626489
1343,Growth,0.015134103177911251,0.0,zero_alpha,1980-12-01,1991-12-01,133,0.8992316380637128,0.13761740351565202,0.19732771691820236,0.033695033398785615
1344,Growth,0.023576287246740664,-0.043456447542990495,unskilled,1980-07-01,1993-12-01,162,1.1093800274464876,0.1315779828706244,0.08003879446228664,-0.13330402954719534
1345,Growth,0.012894667342153908,0.0,zero_alpha,1977-07-01,2005-03-01,333,0.7816065217117527,0.06685171252230016,-0.28489879492820613,0.24065118702345728
1346,Growth,0.023025379997691064,0.0,zero_alpha,1975-05-01,1998-12-01,284,0.848334544890677,-0.15623713472340942,-0.19849371538431293,0.18352010067135865
1347,Growth & Income,0.013621058580151415,-0.030900016580141174,unskilled,1982-12-01,1998-07-01,188,1.0071402420272855,0.18869135397371808,0.22401419807731632,0.2579083298144602
1348,Growth,0.020130900475176558,0.0,zero_alpha,1975-01-01,2004-08-01,356,1.1255745640140131,-0.030678593430353618,-0.1709222912663955,0.05554469961021745
1349,Growth & Income,0.023314277985349536,0.0,zero_alpha,1975-08-01,1991-03-01,188,1.1999913362472383,-0.08508221691101694,0.18513530278044096,0.014640039757896434
1350,Growth,0.01601285817256439,0.0,zero_alpha,1980-02-01,2000-04-01,243,0.9562049245521309,0.10982503897434825,-0.09605694436298877,0.12553407239279316
1351,Growth,0.01119759696668516,-0.03726449255351975,unskilled,1990-04-01,2001-10-01,139,1.2256618446180134,0.35350663604304455,0.018287463843830225,-0.0666212531381353
1352,Growth,0.006019734393173486,0.0,zero_alpha,1994-07-01,2004-05-01,119,0.9065503175261854,0.2164033769227453,-0.2872214554041903,0.03950893320797541
1353,Growth & Income,0.021185199270095503,0.0,zero_alpha,1976-03-01,1994-05-01,219,1.1148151433544458,0.03721444791060277,-0.13165351494249966,-0.006351684898204785
1354,Growth,0.017440198413868343,0.0,zero_alpha,1977-11-01,1997-12-01,242,0.8086728504561042,0.02716348553303566,-0.1850612760879444,-0.19915514757848812
1355,Growth,0.010260912956509917,-0.028920102887122524,unskilled,1977-03-01,2003-11-01,321,1.0130300760294881,0.328953315547192,0.0351199301116347,0.03911832572586085
1356,Aggressive Growth,0.022548233063231796,0.0,zero_alpha,1984-06-01,1999-12-01,187,0.5987460438715331,-0.42918394236181,0.0086395159431765,-0.0461450337614953
1357,Growth,0.02340605527551603,0.0,zero_alpha,1977-11-01,2006-12-01,350,0.7817613482520314,0.36934124729987017,0.08252997924912688,-0.016382824602745583
1358,Aggressive Growth,0.022743321590257517,0.0,zero_alpha,1982-04-01,2003-08-01,257,1.0200015197121146,-0.2985039437325847,-0.10810450061853456,0.07456774184749318
1359,Growth & Income,0.017030357967123672,0.0,zero_alpha,1988-08-01,1995-05-01,82,0.7531341721699214,-0.1838519770807451,-0.19604601425891566,0.2108799700979938
1360,Growth,0.02453163214338587,-0.028283729143982788,unskilled,1975-06-01,2000-05-01,300,1.0140424416183778,0.04143354218419362,0.026545817108861544,-0.10731551358219675
1361,Growth & Income,0.02249611262403536,-0.03318425132254842,unskilled,1975-12-01,1996-05-01,246,1.0859687181218545,0.7125310357327113,-0.2159177806014069,-0.030483732269403544
1362,Growth,0.0070852080989131875,0.0,zero_alpha,1977-07-01,1992-12-01,186,0.8748019710922582,0.5893548400035666,0.20568450528451765,-0.0947624044539716
1363,Growth & Income,0.02462211951918689,-0.026936420910900857,unskilled,1984-07-01,2002-01-01,211,0.8046570566488702,0.34662193894928395,-0.03290447731782251,-0.1045270881698487
1364,Growth & Income,0.015976127453397014,-0.031416570954296355,unskilled,1981-04-01,1994-05-01,158,0.8788720076217891,0.2591355945738625,-0.0752270219409912,-0.06918534154746586
1365,Aggressive Growth,0.023400718071159437,0.0,zero_alpha,1977-07-01,1999-01-01,259,0.8051281521223721,-0.2955692420031186,0.08243512455004225,-0.00946754242227919
1366,Growth & Income,0.020206828696653637,0.0,zero_alpha,1982-11-01,2003-02-01,244,0.9348179662976123,0.20918954072017473,-0.02527289988634327,0.10788074853162563
1367,Growth & Income,0.017951333507108373,-0.029096114523351015,unskilled,1987-03-01,2004-03-01,205,0.9653135937332122,0.0326946203600072,-0.3416103433670393,0.06806686471772572
1368,Growth,0.011533447633127272,0.0,zero_alpha,1983-07-01,1996-02-01,152,0.9040984815354787,-0.03416733340568043,-0.22228597987788673,-0.13852854986248742
1369,Growth,0.005540600471686683,0.0,zero_alpha,1989-05-01,2005-01-01,189,1.201153886028023,0.20870077249366484,0.20154174077292297,0.21412404858757295
1370,Growth,0.010534725048841672,0.0,zero_alpha,1985-01-01,2003-05-01,221,0.8420894270469537,0.052222497638325316,0.0067768695689165315,0.16166184597155567
1371,Growth,0.01871640645747191,0.0,zero_alpha,1985-04-01,2002-12-01,213,1.1587149768882967,0.38732488649221264,-0.3463135604726883,-0.11517784759145554
1372,Growth,0.0222622981374316,0.0,zero_alpha,1991-04-01,2004-07-01,160,0.793814114553183,-0.3139886919031668,0.06042241334303323,0.20361663378793404
1373,Growth,0.005046931942309592,0.0,zero_alpha,1977-01-01,1997-09-01,249,0.9609166354912323,0.18875285558649552,-0.12185176397394976,0.06904076188944144
1374,Aggressive Growth,0.009159475475736445,0.0,zero_alpha,1990-12-01,2001-12-01,133,1.1274658112822105,-0.04977430587851084,-0.18489999050175643,-0.003468295438786958
1375,Growth,0.018461354308041737,0.0,zero_alpha,1988-01-01,2006-06-01,222,1.1197035728379976,0.06759104277107662,-0.23897454512676922,0.07371200667189683
1376,Growth,0.010672702086408126,0.0,zero_alpha,1998-08-01,2006-10-01,99,0.8869613153449647,0.2461566048698104,0.18998589426373746,0.016134380656171707
1377,Growth,0.00783405708107231,0.0,zero_alpha,1983-04-01,2000-12-01,213,1.0332604580107017,-0.10932696565251673,-0.40309967440107003,0.10176179817221097
1378,Growth & Income,0.006638721964470465,0.0,zero_alpha,1979-06-01,2005-07-01,314,1.0131768625496338,0.21105803482811622,-0.17750641488789806,0.048097328469675085
1379,Growth,0.01775757993649112,0.0,zero_alpha,1979-06-01,2006-06-01,325,0.869009123211089,0.11691544869768389,0.01402535318224848,-0.030613907840830425
1380,Growth,0.016897196340566897,0.0,zero_alpha,1982-02-01,2005-10-01,285,1.042392490572211,0.004853283705777839,0.3056726137806993,-0.28387401387420746
1381,Growth,0.022172271442993385,0.0,zero_alpha,1981-03-01,2006-04-01,302,1.2293738258078557,0.05235687849727008,0.1007716392700638,0.09907738109478892
1382,Growth & Income,0.011296753344905295,-0.03110362182521842,unskilled,1996-02-01,2002-10-01,81,1.0207550997593946,0.1313620272032685,-0.17920492310656053,-0.036048291758010054
1383,Growth,0.007734372366711055,0.0,zero_alpha,1981-10-01,1995-11-01,170,1.0349534568606005,-0.02195912814080303,0.29587069082136297,0.13669199144678693
1384,Aggressive Growth,0.020983101773803692,0.0,zero_alpha,1981-11-01,2004-06-01,272,1.050823246730106,0.17177361883140285,-0.2810246799409945,0.09225125934135806
1385,Growth,0.02476371849704666,-0.030811321988338608,unskilled,1977-03-01,2003-10-01,320,0.730853508896729,0.10045584458348109,0.04306723307103089,-0.03214963167340139
1386,Growth,0.012207790812364373,0.0,zero_alpha,1984-02-01,2004-10-01,249,1.0190337009809434,0.017179365733259816,0.08755692915044298,0.17344822866160026
1387,Aggressive Growth,0.022306992284798606,0.0,zero_alpha,1978-03-01,2006-03-01,337,0.7974860637742208,0.567460558475746,-0.18622311664008823,0.05072624927548565
1388,Aggressive Growth,0.020250909415217247,0.0,zero_alpha,1993-06-01,2005-09-01,148,0.86151695889533,0.27380998064040524,0.12951861037765075,0.04454642710671308
1389,Aggressive Growth,0.023231705895174964,0.0,zero_alpha,1988-07-01,1997-07-01,109,1.2742912671782753,0.0743219418442614,-0.1127780257881919,-0.000716603014471344
1390,Growth,0.013487449531618588,-0.0342749174017039,unskilled,1986-10-01,1994-01-01,88,0.9120107585511784,0.2064651077061772,0.1290284855035929,0.2725333568359697
1391,Growth & Income,0.007026030096476486,0.0,zero_alpha,1976-11-01,1997-07-01,249,0.8389738843558658,-0.08670503419337702,-0.3779190985172418,-0.08699000936434875
1392,Growth,0.0073671241272985745,-0.034647197136830364,unskilled,1980-10-01,2003-09-01,276,1.1228873868352087,0.06080709830535419,0.056995218045774905,-0.028401180618858265
1393,Growth & Income,0.02026396840916084,0.0,zero_alpha,1985-12-01,1998-07-01,152,0.8078484495736434,0.08998063739043811,-0.09242133453872102,-0.16560027176199948
1394,Growth,0.022266636789967358,0.0,zero_alpha,1978-01-01,2004-02-01,314,0.8828871283715484,-0.14169847747747064,0.21994075659356438,0.12900966159867588
1395,Growth,0.01414033481874102,0.0,zero_alpha,1979-10-01,2004-09-01,300,1.137357825197925,0.2668385119986045,-0.018796145954190095,-0.06732235095365102
1396,Growth,0.0061914177847429185,-0.02153415845534703,unskilled,1989-10-01,2004-06-01,177,0.9564151347961939,0.043596824346793545,0.23984590674402384,-0.05050533725894825
1397,Aggressive Growth,0.006334120807195793,0.0,zero_alpha,1978-01-01,1989-05-01,137,0.7157604432310205,0.08113333313814906,0.09152255300661043,-0.05754049482357712
1398,Aggressive Growth,0.016972007001248474,-0.025887293306629845,unskilled,1978-01-01,2003-01-01,301,1.0315984421483928,0.02782003521916121,-0.03550169180963146,0.029408287409358184
1399,Growth,0.023372487004299405,0.04032540104750153,skilled,1981-06-01,2004-07-01,278,0.8905301176930236,0.9097726476607749,0.147533861922859,-0.1676139376988719
1400,Growth,0.012991670274118329,-0.03289805706915729,unskilled,1993-06-01,2002-12-01,115,1.1809777229795366,0.004346212456496801,0.14881169290542434,-0.31648678991533913
1401,Growth,0.018012396303983116,0.0,zero_alpha,1990-10-01,2002-07-01,142,0.8590719578548799,-0.34716923847145686,0.08438200089824274,0.08865560560891579
1402,Growth,0.01584015537913543,0.0,zero_alpha,1986-03-01,2004-03-01,217,1.1076838960588888,-0.22998299273970887,-0.4684602749250367,-0.29703365593055653
1403,Growth & Income,0.022795156889041233,0.0,zero_alpha,1986-04-01,2005-01-01,226,1.216354704854857,0.3598256556738587,-0.20651209815287958,0.14812066759660686
1404,Growth,0.021647752232844708,0.0,zero_alpha,1996-10-01,2006-02-01,113,0.8223585164282644,0.5041131729207825,0.2668211693011847,0.2537791624302721
1405,Growth,0.008986971203388074,0.0,zero_alpha,1975-11-01,2006-06-01,368,0.921018046886271,-0.00044929784321340316,-0.2611891710870532,-0.004633570590254991
1406,Growth,0.01855086197119437,0.0,zero_alpha,1979-02-01,1994-07-01,186,1.0082937911216676,0.489737417408866,0.16649223001316138,0.21492394200807344
1407,Growth,0.021950063716190765,0.0,zero_alpha,1984-06-01,1999-08-01,183,0.8213981371168738,0.3553974999606361,0.13129053135593377,0.01636153706851712
1408,Growth & Income,0.023604987636250782,0.0,zero_alpha,1993-02-01,1999-08-01,79,0.9905442420061745,0.12262996725347777,-0.15515047231640589,0.25988617386168056
1409,Growth,0.01679854281050444,0.0,zero_alpha,1975-05-01,2003-12-01,344,0.9162619568741011,0.10488842905736614,-0.40904632542334496,-0.048432677816981615
1410,Growth & Income,0.008518224703210333,0.0,zero_alpha,1990-09-01,2001-12-01,136,0.9132398642609951,0.21521755660391334,-0.12378251958958532,-0.3347322714146682
1411,Aggressive Growth,0.01616464168168891,0.0,zero_alpha,1975-03-01,2006-10-01,380,0.9573407589062167,0.3893639555384103,0.40560300872660227,0.008013238384024698
1412,Growth,0.018316380233167014,-0.030988469040844034,unskilled,1987-10-01,2006-02-01,221,0.9606897073367846,0.26932364139875553,-0.18265545844187092,0.2761944790116108
1413,Growth,0.010449781230401349,0.0,zero_alpha,1975-09-01,2004-04-01,344,0.974582115361406,0.0007979245503260679,-0.16885146891985411,0.1002452458910627
1414,Aggressive Growth,0.024460029642513797,0.0,zero_alpha,1995-03-01,2004-12-01,118,0.8601760481814823,0.12644823824342233,-0.20951648206196538,-0.05729848428067659
1415,Aggressive Growth,0.009586525026161478,0.0,zero_alpha,1985-02-01,1994-06-01,113,0.8667242413475369,0.665315863680481,0.2329568953099039,0.06933517539270975
1416,Growth,0.02322705043462077,0.0,zero_alpha,1978-02-01,2004-09-01,320,0.9322118616762753,0.232803449324048,-0.05858314232502128,0.16566872576788289
1417,Growth & Income,0.013503615150492854,-0.029349676471992665,unskilled,1978-03-01,2005-04-01,326,0.9432863538146307,0.38733135672065383,-0.1351812457898278,0.007157534162829366
1418,Growth,0.005011083296658079,0.0,zero_alpha,1982-03-01,2001-10-01,236,0.8841725990080075,0.3049712468123081,0.2726948034390702,0.4139585128013569
1419,Growth,0.01586578146699957,0.0,zero_alpha,1998-09-01,2004-06-01,70,0.9985909463129027,0.2383394359994257,0.10589881758710737,-0.05761269347792307
1420,Growth,0.017565717318346934,0.0,zero_alpha,1975-04-01,2005-09-01,366,0.6777857376987204,0.19717472500376726,-0.19385804834205192,0.17037660830671222
1421,Aggressive Growth,0.022387267064165953,0.0,zero_alpha,1987-01-01,2002-07-01,187,0.8404300611636573,0.39434765633124486,-0.25471678221235605,0.13429058547226994
1422,Growth,0.01581126476940527,0.0,zero_alpha,1976-09-01,2006-12-01,364,0.9080108260695717,0.34966055882767083,0.22163399297599465,-0.08497411370470863
1423,Growth,0.006882587643054632,0.0,zero_alpha,1975-10-01,2004-03-01,342,0.8215827219454093,0.23597336950288716,-0.006642367251656825,-0.043666040102150916
1424,Growth,0.023536271186125557,0.0,zero_alpha,1976-01-01,2003-12-01,336,1.1943797022213336,-0.0034406313869720095,-0.3198128039712226,0.17271479712190468
1425,Growth,0.016307095818509466,0.0,zero_alpha,1979-01-01,2002-07-01,283,0.9528292770087428,0.266389701387118,-0.36662313737870983,0.04171818314063618
1426,Growth,0.01043062383944358,-0.029662453288739773,unskilled,1981-06-01,2004-07-01,278,0.9765154517338854,0.15324801588297915,-0.23320774303995173,0.0707107590090909
1427,Growth & Income,0.02297717232976988,0.0,zero_alpha,1987-02-01,2006-06-01,233,0.8775153938051808,0.09293602216373104,-0.25789691762060596,-0.2253951030556536
1428,Growth,0.007418269447340687,0.0,zero_alpha,1996-01-01,2001-08-01,68,0.9476331619440558,0.839693993741517,-0.4192153941802873,0.11839979827431521
1429,Growth & Income,0.006949656780267233,-0.03259319163054941,unskilled,1988-03-01,2003-08-01,186,0.7677119803545899,-0.2147628269269569,-0.22990139732969925,0.06309452661238517
1430,Aggressive Growth,0.015700181876011635,0.0,zero_alpha,1978-03-01,2002-11-01,297,0.924527444585739,0.4096282147643707,-0.19381611232877075,0.010413496603826976
1431,Aggressive Growth,0.01749768455612419,0.0,zero_alpha,1978-05-01,2005-03-01,323,0.8094487357106366,-0.04566773606345764,-0.10253625767691409,0.07413377945886143
1432,Growth & Income,0.015219183347829464,0.0,zero_alpha,1977-07-01,1997-07-01,241,0.9083894622865756,0.20279887233584903,0.3285820090255425,-0.04138265606863745
1433,Growth,0.02357984094224865,-0.035391322200775885,unskilled,1978-08-01,2002-09-01,290,0.5660125150546254,0.8121468797725463,-0.06336865441965477,-0.06878537558252111
1434,Growth,0.010256416694521951,0.0,zero_alpha,1980-01-01,1985-07-01,67,0.7807995187334711,-0.07059224870601571,-0.0435149675488429,-0.016282829745866475
1435,Growth,0.024804701517521236,-0.03734876205644845,unskilled,1975-05-01,1992-12-01,212,1.16958896067715,-0.010968163706815914,0.0918510727597885,-0.04963047674774462
1436,Growth,0.005386986688919748,0.0,zero_alpha,1986-06-01,2005-02-01,225,1.0745596623661313,0.16562156571209993,-0.05746361421331202,0.34707943415648007
1437,Growth,0.007370679893203054,0.0,zero_alpha,1977-05-01,2006-06-01,350,1.1478559003872846,-0.04180423940784042,0.0700305927773417,0.15678060932653842
1438,Aggressive Growth,0.00871352612054824,0.0,zero_alpha,1984-07-01,1997-11-01,161,1.1581581904506386,0.3910140877350753,0.04612297539034666,-0.12527033859575515
1439,Growth & Income,0.006591514541090533,0.0,zero_alpha,1975-04-01,1986-05-01,134,1.0509481136246714,0.03636764098417625,0.014517713119848683,0.32544440033912636
1440,Growth,0.01376435732858029,0.0,zero_alpha,1976-08-01,1991-01-01,174,0.8820696971931297,0.3335024100373343,0.5432932168837917,-0.04492849171544691
1441,Aggressive Growth,0.022307443514242395,0.0,zero_alpha,1977-07-01,1987-01-01,115,0.7944123580601565,-0.1622972829500173,0.1722251688088704,0.02441830511964268
1442,Growth,0.02141518653760261,-0.03506048399529904,unskilled,1983-08-01,2003-08-01,241,1.1220116908174544,-0.28170787553855636,-0.22634439694134612,0.15461257923969798
1443,Growth,0.019895137120952342,0.0,zero_alpha,1976-12-01,1999-03-01,268,0.9596851961581085,0.11275375526173764,0.06404443723783278,-0.27549828158464224
1444,Growth,0.005148188038709154,0.0,zero_alpha,1976-05-01,2002-12-01,320,1.324103422457286,-0.22212695950939873,-0.16834736133194406,-0.015553877041145348
1445,Growth,0.022314120535124563,0.0,zero_alpha,1975-09-01,2006-11-01,375,0.8952353035983869,0.5495672281913626,0.07925015281197074,-0.06600007764507514
1446,Growth,0.012929981839104297,0.0,zero_alpha,1997-01-01,2003-11-01,83,1.245934378217072,-0.21245087262374948,-0.28503748342165397,0.05076201193162022
1447,Growth,0.01963275509047758,0.0,zero_alpha,1990-07-01,2002-02-01,140,0.9264812313956367,-0.08942167191767444,-0.2315558896167958,0.07550745248981638
1448,Growth,0.019538373689274573,0.0,zero_alpha,1980-11-01,1993-11-01,157,1.150407289588805,0.27340497136865255,0.058781512498025414,0.008411095200147283
1449,Growth,0.008550420544370723,0.0,zero_alpha,1986-10-01,1998-06-01,141,1.2045037605848683,0.023409012484498476,0.18953382271960506,0.0014529052731518145
1450,Growth & Income,0.01530789695168652,0.0,zero_alpha,1975-12-01,2003-03-01,328,0.796557510772893,-0.20959699246690097,0.09052886975060263,0.17976970589531674
1451,Growth,0.023523619178921484,0.0,zero_alpha,1995-01-01,2003-09-01,105,0.8772502882563696,0.6799910400179899,0.16082346690704363,0.06522288955010572
1452,Aggressive Growth,0.0102609726016376,0.0,zero_alpha,1977-03-01,1982-11-01,69,0.7950531161452203,-0.08040845078989348,0.06476371175276921,0.02621375150779144
1453,Aggressive Growth,0.019300556960030697,0.0,zero_alpha,1977-11-01,2006-01-01,339,0.7655083267612665,0.12093554812586271,0.024499219806466382,0.042180588719020876
1454,Growth,0.024161020785877417,0.0,zero_alpha,1975-07-01,2006-06-01,372,1.0500600275787424,0.11770186997349244,-0.11073865485168738,0.2953833496295328
1455,Growth,0.01221262351258785,0.0,zero_alpha,1990-11-01,2001-11-01,133,0.9205057444626468,0.34757728799164445,0.1526003617433594,0.0459010965476159
1456,Growth & Income,0.012752673453833043,0.0,zero_alpha,1983-02-01,1997-01-01,168,0.9578549484785204,0.2855881151677647,0.1949758465653283,-0.05716727574485578
1457,Growth,0.014051250184171471,0.0,zero_alpha,1977-02-01,1995-08-01,223,1.033435870245992,-0.0367002594327514,-0.022623138265955037,-0.26634986329165883
1458,Growth,0.021180784833388876,0.0,zero_alpha,1984-09-01,2003-10-01,230,0.6713919749427628,0.08854319563917332,-0.03338520835573162,-0.19509060610524306
1459,Growth & Income,0.01378569443472322,0.0,zero_alpha,1975-02-01,2006-11-01,382,1.1430149005935581,0.11326939161454608,0.3082811623444474,-0.05005388426196414
1460,Growth & Income,0.014724919120147506,0.0,zero_alpha,1982-07-01,1998-05-01,191,0.8976358754990124,0.3572398745496405,-0.014084355963244564,0.003743473406877848
1461,Aggressive Growth,0.009446349795405543,0.0,zero_alpha,1985-01-01,1990-03-01,63,1.0298601959356786,-0.1220804787146503,0.005137174073193819,-0.06334321894153581
1462,Growth & Income,0.024766901307043815,0.0,zero_alpha,1980-05-01,1996-09-01,197,1.043106925884282,0.6745276391889455,0.08684518155057902,0.07267159655687139
1463,Growth,0.022847083079397968,0.0,zero_alpha,1980-10-01,2000-09-01,240,1.1556194841145762,-0.019795846864861022,-0.02956125119083073,-0.06527620667624626
1464,Aggressive Growth,0.017005086260569152,-0.03122285336165767,unskilled,1978-06-01,1997-04-01,227,0.9342713918325449,0.1678126508108517,-0.17406806454861906,-0.11717339052031452
1465,Growth,0.024211201429198376,0.0,zero_alpha,1978-09-01,1997-06-01,226,0.6314543811435603,-0.11999735992331043,0.06559311510470439,0.11189657530361193
1466,Growth & Income,0.0187399553349476,0.0,zero_alpha,1975-08-01,2005-06-01,359,0.9585691420180341,-0.15453975291015418,-0.017751002004464306,0.22540917453170195
1467,Growth,0.024182112650383256,-0.03549465214289373,unskilled,1975-01-01,2001-10-01,322,0.9801060287242401,-0.04860710226940598,0.3584499512948993,-0.14607513966198218
1468,Growth,0.008230717334792595,-0.027931181550168944,unskilled,1993-11-01,2005-07-01,141,0.7948608711289824,-0.07263080441606376,0.14768971005847523,0.056557379556171766
1469,Growth,0.009509148138061616,0.0,zero_alpha,1979-02-01,1993-08-01,175,0.9721235981649408,0.06643574396129238,-0.1290964572886003,-0.26575069872307266
1470,Aggressive Growth,0.02270364927276788,-0.028033263824000374,unskilled,1976-06-01,1999-05-01,276,0.8958472347910562,-0.07474125719093516,0.1358120438380751,-0.2011807196090739
1471,Growth,0.01339748783253241,0.0,zero_alpha,1977-06-01,1993-06-01,193,0.7485869076076234,0.34388810532355246,0.05157316694619598,-0.06831487419657592
1472,Aggressive Growth,0.012423154082051361,0.0,zero_alpha,1990-04-01,2006-10-01,199,1.0507227342513925,-0.025745973829593732,0.2518852603891026,0.190236564856579
1473,Growth,0.020086707127680212,0.0,zero_alpha,1985-10-01,1995-03-01,114,0.8654412273653306,-0.0534538733629788,-0.11489084256580788,-0.09680590445582118
1474,Growth,0.017606513203387193,0.0,zero_alpha,1981-08-01,1993-05-01,142,0.8890431177894396,0.07175778397068283,0.027735229671904872,-0.1024150712148324
1475,Growth,0.011881431995344853,0.0,zero_alpha,1977-11-01,2002-10-01,300,0.8806131729069373,0.4182097196740736,-0.02981872981849846,0.02541309228416746
1476,Growth,0.012957211751054538,0.0,zero_alpha,1975-05-01,2003-01-01,333,1.135321789619622,0.22371904340259982,0.0016958846116598859,0.025562541672477606
1477,Aggressive Growth,0.013167675166003083,-0.03530962970533326,unskilled,1976-10-01,2002-12-01,315,0.9438625757339911,0.14507761752813253,-0.1870397898007899,-0.09776972091320045
1478,Growth & Income,0.007526626561380884,0.0,zero_alpha,1979-08-01,1992-11-01,160,0.9618649730818731,-0.18826119249216974,0.10518233358263533,0.3179332350894858
1479,Aggressive Growth,0.009591078589403567,-0.03342181919020047,unskilled,1993-10-01,2002-05-01,104,0.8839045768420404,-0.11567711496592734,0.07359285516989938,-0.019804505967305968
1480,Growth,0.015750605632050073,0.0,zero_alpha,1976-05-01,1985-07-01,111,1.0194300233382358,-0.1496024850099059,0.24704472338435907,0.03703774736271198
1481,Growth,0.020636543045569992,0.0,zero_alpha,1982-01-01,1997-07-01,187,1.1523977072676006,0.49671280591808664,-0.012005170397356128,-0.040266930656566294
1482,Growth & Income,0.01338096568858442,0.0,zero_alpha,1985-05-01,2004-04-01,228,1.0471791226229759,0.3026407807829119,-0.09236790164962701,0.0859957343226769
1483,Aggressive Growth,0.012667055991719182,0.0,zero_alpha,1977-06-01,2006-07-01,350,1.0530300442002283,-0.0454051272310485,0.1478588755888074,0.2052436339556175
1484,Aggressive Growth,0.018010323070610342,0.0,zero_alpha,1976-05-01,2005-08-01,352,1.0409345308826519,0.02890708904358616,-0.16884087631993686,0.2695495545431859
1485,Growth,0.008145077277604258,-0.03527393847714695,unskilled,1981-01-01,1985-12-01,60,0.7429636035033255,-0.03632254405933347,0.20699690701679177,-0.09433985128958203
1486,Aggressive Growth,0.012615006488342063,-0.03118623467447497,unskilled,1977-09-01,2001-09-01,289,0.8185821752451292,-0.05146530409517713,0.20656839948274058,0.18511927644518184
1487,Growth,0.009162724723939877,0.0,zero_alpha,1979-03-01,1992-03-01,157,0.919251890960131,0.28507525780404513,0.2414557802268817,0.1024521229326527
1488,Aggressive Growth,0.018032924686558295,0.0,zero_alpha,1989-05-01,1999-08-01,124,0.8411203936260161,0.09811594480392172,0.0653245969358987,0.16618049141901162
1489,Growth & Income,0.007247280298321548,-0.029827881782270714,unskilled,1978-07-01,1998-06-01,240,0.7903194462866002,0.6902919360743659,-0.10729927651955322,0.006218109096080362
1490,Growth & Income,0.013956456392048858,0.0,zero_alpha,1991-07-01,1997-05-01,71,0.6691736388694138,0.4825899561292496,0.011837545261072517,-0.008056115992327077
1491,Growth,0.01692364114184817,0.0,zero_alpha,1986-11-01,2000-10-01,168,0.7480206180298787,0.49737008511668057,0.06601377901584127,0.160357196857099
1492,Growth & Income,0.021673508857564805,0.0,zero_alpha,1986-06-01,2006-04-01,239,0.9115211663986099,0.33783924373703156,-0.1220283290375752,0.16320387590844304
1493,Growth,0.0194910255285221,0.0,zero_alpha,1982-04-01,1994-07-01,148,0.9395860449771672,0.06433523237320274,0.25662325778504314,0.25485808457928294
1494,Growth,0.023857262420277258,0.0,zero_alpha,1985-08-01,2006-07-01,252,0.8310419335804137,0.31944772113239606,0.10601683351370861,0.0497821333175734
1495,Aggressive Growth,0.018597568145058908,0.0,zero_alpha,1980-11-01,1998-03-01,209,0.9618387819024838,0.08279182636783552,-0.188444591064401,0.00396280585478646
1496,Growth,0.011983792698003596,-0.028605432184640525,unskilled,1978-09-01,2005-03-01,319,0.8849249538637435,0.5775690126820907,0.36657473529315543,-0.3489780369991306
1497,Growth,0.00963447765028844,-0.035198757663748734,unskilled,1989-09-01,1999-06-01,118,1.1135860381060771,0.27106984576248017,0.009477855034035377,-0.22168908069930016
1498,Aggressive Growth,0.006131648073176806,-0.03358121296171791,unskilled,1995-12-01,2002-05-01,78,0.9257561353962743,0.2355900896507538,-0.22882060856999728,-0.039137740777508964
1499,Aggressive Growth,0.010551752334199332,0.0,zero_alpha,1980-12-01,2000-03-01,232,1.0544496322102572,0.2017681656073773,-0.17605082454945484,-0.1451588396869323
1500,Growth,0.007736973776934015,0.0,zero_alpha,1990-12-01,2002-10-01,143,0.9804820643442038,0.6050666068402145,0.28755671943306893,0.14211958481498693
1501,Growth,0.012384495554833636,-0.0338807803561505,unskilled,1977-11-01,2001-11-01,289,0.7396893441133917,-0.1884375834591964,0.3549969832433644,-0.17650314423684307
1502,Aggressive Growth,0.01905156278505211,0.0,zero_alpha,1987-01-01,1994-06-01,90,0.9364012736394236,0.6295719569171816,0.19189701069618367,-0.05519564925254318
1503,Growth,0.018840680484262916,-0.026470033150463507,unskilled,1980-10-01,2001-03-01,246,0.7646563851006974,0.1234615481364656,0.2538617297174271,-0.04930397397077328
1504,Growth,0.01136332858727884,0.0,zero_alpha,1975-03-01,2006-11-01,381,0.9337818742674617,-0.18153724395391277,0.2333230917597222,0.20071146250991687
1505,Growth,0.01517104741232176,0.0,zero_alpha,1990-03-01,1997-08-01,90,0.8382303774153965,-0.018052432910764,0.10138323055281324,-0.07123581235294661
1506,Aggressive Growth,0.009335431396035983,-0.033465957933243806,unskilled,1976-06-01,1989-07-01,158,1.0072944550227212,-0.2427018156808957,0.055808357562185155,0.08786181770719823
1507,Growth,0.015059534370680364,0.0,zero_alpha,1978-06-01,2006-03-01,334,0.7486468493800698,0.33341418639641,0.09797263889532155,0.04935591912840752
1508,Growth,0.015201637524602282,0.0,zero_alpha,1984-08-01,2003-12-01,233,0.9522052737919156,-0.08957323758662986,0.1372030886286589,0.1554932728170919
1509,Growth & Income,0.011025936778368037,0.0,zero_alpha,1977-05-01,1986-12-01,116,1.035862337384479,0.21216691655117506,-0.15831960130527964,0.14753225781747203
1510,Growth & Income,0.010189355924811794,-0.03285203790582102,unskilled,1995-07-01,2006-03-01,129,1.0861393353963493,0.45355425754146195,0.136391745862422,0.014983983069568364
1511,Growth,0.02459148927963364,0.0,zero_alpha,1979-03-01,2004-10-01,308,0.8353748363173665,0.001995767858465808,0.2817233694594035,-0.23444417689107702
1512,Aggressive Growth,0.015742470221975075,0.0,zero_alpha,1975-04-01,2003-06-01,339,0.9526626458310762,0.10297407674390194,-0.051274485665806196,-0.014761132996844391
1513,Growth & Income,0.01624153263154632,-0.029826169627666904,unskilled,1983-07-01,1998-03-01,177,0.977622045936736,-0.15584165247900392,-0.0726495570643594,0.017006653320177086
1514,Growth,0.005155881807361238,0.0,zero_alpha,1986-12-01,2004-08-01,213,1.1820689419314152,0.0729107227622006,0.08530926184773321,0.0629013849729167
1515,Growth,0.008636815632709002,0.0,zero_alpha,1976-08-01,2002-09-01,314,0.7278004908874794,0.8135059063183431,-0.13993151008162727,-0.09063327178312153
1516,Aggressive Growth,0.012132439236400457,-0.029936336942020057,unskilled,1995-11-01,2005-07-01,117,0.8133346182393426,0.36448329102761046,-0.27336372332550124,0.19113516776129194
1517,Growth & Income,0.024319614850375374,-0.033598356081786504,unskilled,1983-12-01,1994-06-01,127,1.3706693739104119,0.10381739527659879,0.2195438080210356,0.02204291274724889
1518,Aggressive Growth,0.008504834685741152,0.0,zero_alpha,1976-05-01,2002-03-01,311,0.9090354074066037,0.017077990954571243,-0.10019025200468659,-0.11807460217181885
1519,Growth,0.011065794226537353,0.0,zero_alpha,1982-11-01,1992-10-01,120,0.6663509285145088,0.15934165108589166,-0.00631028425595814,-0.04873417581125203
1520,Growth & Income,0.024803139875699588,0.0,zero_alpha,1978-04-01,2004-01-01,310,0.862617478497775,0.20251268804840988,-0.13202500820161311,0.30928139809502453
1521,Aggressive Growth,0.014622172846717924,0.0,zero_alpha,1984-05-01,2002-09-01,221,0.5346690167803456,0.06523257321356056,0.24535096298259979,0.11965668394197475
1522,Growth,0.01136815550940453,0.0,zero_alpha,1975-04-01,2006-12-01,381,0.986138106868423,0.3025147989427823,0.16063523165680288,0.17726848333466055
1523,Growth & Income,0.017687178409736402,-0.04231619138402372,unskilled,1980-02-01,1985-11-01,70,1.0714677140417328,-0.06836187251510223,-0.05814790823074011,-0.13623804545701212
1524,Aggressive Growth,0.014926045690328876,0.0,zero_alpha,1976-06-01,2006-12-01,367,0.813250643574687,-0.06959691874606702,-0.2459794729525504,-0.08332445382757012
1525,Growth & Income,0.02414898183282916,0.0,zero_alpha,1986-01-01,1997-01-01,133,0.879391411662274,0.2625488642625512,-0.07938596097164005,-0.08221334588218672
1526,Growth & Income,0.006663900959840905,0.0,zero_alpha,1978-05-01,1984-03-01,71,1.088548123305337,-0.12216043839109944,0.10403053998994273,0.047659060638293296
1527,Growth,0.020810958410353228,0.0,zero_alpha,1981-12-01,2006-06-01,295,0.6874676802730895,0.35225431321563494,0.027727140815953046,-0.006100274662833877
1528,Aggressive Growth,0.010581727569259701,0.0,zero_alpha,1979-06-01,1998-10-01,233,0.7517643181700682,0.16642984690076665,0.011819608890397406,-0.0534241616885531
1529,Growth,0.021133386619804635,0.0,zero_alpha,1977-09-01,2005-04-01,332,0.915782722742654,-0.2869773046793034,0.032339751893962355,-0.03461043887551811
1530,Growth & Income,0.021954406811657327,0.0,zero_alpha,1991-11-01,1999-09-01,95,0.8371497743799772,0.1973747813902367,0.14175924629963194,-0.09910527800126044
1531,Growth & Income,0.02198445716046797,0.0,zero_alpha,1975-05-01,1982-06-01,86,0.9059199653789618,-0.25128665614724865,-0.018371840813008855,-0.006975893035211522
1532,Growth & Income,0.022333913977768443,-0.03442084716666789,unskilled,1977-08-01,1997-11-01,244,0.7604374520890217,0.34334050241391534,0.08000269009190053,0.1869823375750621
1533,Aggressive Growth,0.019362550135661814,0.0,zero_alpha,1977-03-01,2005-12-01,346,0.9821470228882261,0.10782141768735098,-0.20738384154901968,-0.2069709027324631
1534,Aggressive Growth,0.007848082934297205,0.0,zero_alpha,1980-04-01,1996-02-01,191,0.9276150372230016,0.6327710541267049,0.5007701553950651,0.07197191504528451
1535,Growth,0.006038051869975539,-0.035626130322678765,unskilled,1975-01-01,2001-07-01,319,1.032378574134955,0.43782821109315173,-0.06677186386325093,0.2270139042319435
1536,Growth,0.011815304875617157,0.0,zero_alpha,1975-01-01,2004-06-01,354,0.9800599250720439,-0.09517312655795615,0.03071860157679547,-0.0074780647848350645
1537,Growth,0.01490139717222155,0.0,zero_alpha,1977-12-01,2006-05-01,342,0.9810035108744035,-0.3351849659603543,0.1032931049572422,-0.05933140437188439
1538,Growth & Income,0.011052418014791052,0.0,zero_alpha,1977-01-01,1995-09-01,225,0.7330538968204829,-0.01877531419784345,-0.09215810248010814,0.15863472289258831
1539,Aggressive Growth,0.01984413867851192,0.0,zero_alpha,1975-10-01,1999-07-01,286,1.0238887327467308,-0.13531465070759277,-0.008435041150107424,-0.12763328153032655
1540,Growth,0.019448869555358496,0.0,zero_alpha,1982-04-01,2001-05-01,230,0.9003700397293336,0.6264345217192735,-0.010864945068644973,0.016596270509190374
1541,Growth,0.02443849002227489,-0.03367803684059323,unskilled,1976-01-01,1999-03-01,279,0.9250102538525573,0.16742133517996216,-0.19280761851467543,-0.13597661505785907
1542,Growth,0.01301146180998819,0.0,zero_alpha,1982-09-01,2002-12-01,244,1.1072396564586213,0.4033547010457917,0.07771788510792768,-0.26051514550364196
1543,Growth,0.02071455321619527,0.0,zero_alpha,1982-01-01,2001-02-01,230,0.8420846665224657,0.09874227186235354,-0.3398443676517462,-0.002797639719219286
1544,Growth & Income,0.01982399941480614,0.0,zero_alpha,1984-12-01,2001-08-01,201,1.15267764926885,0.1250831279298386,0.34054168848332284,-0.16950925949004753
1545,Growth & Income,0.024774990344845874,0.0,zero_alpha,1979-08-01,2002-03-01,272,1.1666712949059639,0.16184324437277295,0.1485941769956786,0.018249423000624723
1546,Growth,0.020472305024187298,0.0,zero_alpha,1980-04-01,2005-07-01,304,1.0629176656046557,0.44663482964811163,0.11782447153067531,0.18725444365710592
1547,Aggressive Growth,0.010671490614041244,0.0,zero_alpha,1976-06-01,2006-03-01,358,0.8029068783848867,0.24790618891864968,-0.3573284224866484,0.2981383110019435
1548,Growth,0.005305447982554679,0.0,zero_alpha,1979-05-01,2000-11-01,259,0.6220560131559603,-0.09433346086916625,-0.16850573465860413,0.034029392591481265
1549,Growth,0.024363323089575558,-0.0323456896736307,unskilled,1975-05-01,1982-12-01,92,1.1118252371389912,0.5756285345216043,0.2678690241610108,0.1728823747963399
1550,Aggressive Growth,0.01932138087689494,0.0,zero_alpha,1978-01-01,1998-10-01,250,0.9667077591996619,0.09679612525342172,0.8202482794079202,0.079844397515995
1551,Aggressive Growth,0.021252132558716965,0.0,zero_alpha,1977-06-01,1990-11-01,162,0.8382203793767806,0.05611996903083789,0.22893849301140615,-0.037467042081258825
1552,Growth,0.020864883088575047,-0.02622343981946652,unskilled,1975-05-01,1980-12-01,68,1.1260343515633404,-0.5373763255622587,0.1973886820501902,-0.26871645308963416
1553,Growth,0.019715221799863382,0.0,zero_alpha,1981-11-01,1988-09-01,83,0.8207661678683286,0.32859989779033427,0.09499484562283764,0.26397384906231786
1554,Growth,0.020029489371683508,0.0,zero_alpha,1977-04-01,1998-03-01,252,0.8863767112653586,0.19525315991547085,-0.17949943914203412,-0.13736532839216842
1555,Growth,0.023589163695477373,0.0,zero_alpha,1975-02-01,2005-08-01,367,1.0287335546475491,0.19498141415047554,0.18903481664006608,0.22741563671266538
1556,Growth,0.023282225638569475,-0.03354673269860119,unskilled,1979-03-01,1997-10-01,224,0.7829595752577684,0.0692938322222955,-0.23024146741938584,0.10052114438933765
1557,Growth,0.012584534916799658,0.0,zero_alpha,1982-08-01,1999-07-01,204,0.9335778635589399,0.02619553996680432,-0.2521170330279707,-0.12640191778710386
1558,Growth & Income,0.005619230472656958,0.0,zero_alpha,1979-05-01,1986-08-01,88,1.1133705775870042,0.07760489329239255,-0.264705865087698,0.06679975427284297
1559,Growth,0.005773631869921334,0.0,zero_alpha,1977-05-01,2000-07-01,279,0.9816666115431695,0.2857902177818199,0.1851445293003186,0.3399366591927995
1560,Growth,0.013932767290469376,0.0,zero_alpha,1975-07-01,1981-12-01,78,1.1371139505235521,0.32977944325833763,-0.02148281098550038,0.2503478871295657
1561,Growth,0.021699590598008148,-0.02667009884606178,unskilled,1975-03-01,2002-11-01,333,1.1200403537008996,0.11224210290635041,0.010171619980876104,-0.0569069584201673
1562,Growth,0.021952224532310438,-0.04355051718316322,unskilled,1975-10-01,2002-10-01,325,0.9511607501632429,0.4072343735791898,-0.013080787410136886,-0.08679711372770231
1563,Aggressive Growth,0.013087791624598489,0.0,zero_alpha,1975-02-01,2006-11-01,382,0.5994887935463917,0.1502564547456306,-0.235143308239645,0.03503120559741079
1564,Growth,0.011032232506959345,0.0,zero_alpha,1987-12-01,2000-07-01,152,0.784134155717704,0.043943395469086155,-0.14414618120348083,-0.00482705934547548
1565,Growth,0.015132028888630918,0.0,zero_alpha,1992-12-01,2002-03-01,112,1.0645001168576733,0.21960389372684108,-0.13408524125069052,0.19996060784640948
1566,Growth & Income,0.02165086413739875,0.0,zero_alpha,1986-12-01,1999-12-01,157,0.7174622869572069,-0.16984660462346504,-0.29105428944507217,0.13093837046327064
1567,Aggressive Growth,0.01772992239354336,0.0,zero_alpha,1978-05-01,2004-11-01,319,0.9009961117119575,0.22817957726981214,-0.11084201906007024,-0.23383624022926333
1568,Growth,0.007796116273190696,0.0,zero_alpha,1994-10-01,2005-08-01,131,1.0007720920533547,-0.21554552638159288,-0.22626129127924777,0.08880128831358673
1569,Growth,0.012244678873171155,0.0,zero_alpha,1975-10-01,2004-09-01,348,1.1704356043642266,-0.08693173999594103,0.10553512577339852,-0.006863644130105213
1570,Growth & Income,0.016108518303830758,0.0,zero_alpha,1993-04-01,2002-05-01,110,0.8637470455318379,-0.33467285167915606,0.12219421279336483,0.025566220404209982
1571,Aggressive Growth,0.01576524862574344,0.0,zero_alpha,1999-03-01,2005-05-01,75,0.8534768436375305,0.12622076183212486,-0.268727824527978,0.057341452139098845
1572,Growth & Income,0.02161268040177415,0.0,zero_alpha,1987-01-01,1997-11-01,131,0.9421331350256749,0.5724084255772734,-0.06932635284960013,0.19980935079149026
1573,Growth,0.02364343527681314,-0.0289561926388778,unskilled,1980-08-01,2005-12-01,305,1.0026369454715154,0.14073083472964124,0.36121197626334073,0.16666894453190312
1574,Aggressive Growth,0.0070092618835051156,-0.030256120529768525,unskilled,1976-06-01,1997-08-01,255,0.9268629758905859,0.3308963448582818,-0.20615257953565863,-0.09246141110309432
1575,Growth,0.009488151806917765,-0.030882022256126587,unskilled,1990-05-01,2004-11-01,175,1.1073902523328716,0.7580784743280973,0.07532756355901317,0.011208204846549587
1576,Growth,0.012843138212788433,-0.02986054779652541,unskilled,1980-04-01,2002-12-01,273,0.8301284250457291,0.271013962030024,0.011104386800576871,-0.047278208928581755
1577,Aggressive Growth,0.010927961629020558,0.0,zero_alpha,1977-02-01,1999-07-01,270,0.9680241400068564,-0.021303011147005557,0.20857751156818144,-0.2322768953359897
1578,Aggressive Growth,0.013165809899168858,0.0,zero_alpha,1975-09-01,1995-08-01,240,1.016781906537053,0.013107849316040698,0.04909336827148126,0.003594423859836455
1579,Growth,0.00581442457230464,0.0,zero_alpha,1984-06-01,2003-04-01,227,0.8899650785141214,0.17016455205575157,-0.09625909558475003,0.29671316413386445
1580,Growth,0.0063202654032563,-0.03265543325343863,unskilled,1985-07-01,1993-02-01,92,1.0759564904839949,0.011776338684768906,0.0033528242945770146,-0.23680650906246206
1581,Aggressive Growth,0.02176722955874149,0.0,zero_alpha,1981-03-01,1993-02-01,144,0.9723437811863523,0.030478250046642036,0.0062739887907471755,0.016390730950989918
1582,Growth,0.007051635682237741,0.0,zero_alpha,1980-01-01,1999-03-01,231,1.068326856972841,0.41631347731487245,-0.028339036456564756,0.011579278188548718
1583,Growth,0.021481502239894992,0.0,zero_alpha,1998-04-01,2006-10-01,103,0.9791156162073248,0.42653907019305304,-0.27382229106480355,0.06316032076464798
1584,Growth,0.011130240036060703,0.0,zero_alpha,1981-02-01,1998-11-01,214,1.0064606857230842,-0.24172312051216596,0.23861772151957844,-0.12440874360908956
1585,Growth,0.011184467397777117,0.0,zero_alpha,1976-11-01,1984-12-01,98,0.8551412364725967,-0.034542379475054896,0.20328671757286496,-0.19376658861999307
1586,Growth & Income,0.007014940562536143,0.0,zero_alpha,1976-08-01,2002-10-01,315,0.8553842442213164,0.05399890327165187,-0.21883780537397152,-0.1867896485191939
1587,Growth,0.005265267629669974,-0.034311758963322836,unskilled,1978-07-01,1986-03-01,93,1.1336594719893165,0.31977223654131304,-0.07014512643675068,0.21964006374972178
1588,Growth,0.012105772168907705,0.0,zero_alpha,1991-11-01,1999-04-01,90,1.0453265666780498,0.4557688971264141,-0.05501713387084319,-0.12740289615427855
1589,Aggressive Growth,0.021707138125879665,0.0,zero_alpha,1982-11-01,2005-01-01,267,0.7965552250666397,0.845491983568471,-0.2413037600999165,-0.054934328747975936
1590,Growth,0.02339910929076124,0.0,zero_alpha,1992-10-01,2003-08-01,131,0.9771295136982246,0.05358167592933466,-0.3833592535524535,0.3356948897919461
1591,Aggressive Growth,0.006231711122606592,0.0,zero_alpha,1986-02-01,2000-07-01,174,0.5939335919696861,0.06606782141449279,-0.14411853038246722,-0.09013834851646839
1592,Growth,0.005618161276112175,0.0,zero_alpha,1989-04-01,2002-09-01,162,0.8639089754450875,0.31714250390942855,-0.08128046805023836,0.0713599396926389
1593,Growth & Income,0.00817601240260667,0.0,zero_alpha,1983-11-01,1994-08-01,130,1.0941541514929858,-0.0005541797387147995,-0.2982466666728038,0.179571751493826
1594,Aggressive Growth,0.02032579617371392,0.0,zero_alpha,1979-01-01,2004-07-01,307,0.931228161693326,0.13475953462737073,0.025395552817095768,0.17235802804688644
1595,Aggressive Growth,0.009097655320469494,0.0,zero_alpha,1975-11-01,1999-06-01,284,0.9676869004499047,0.06624047280411358,0.222571260663268,-0.1797364535565521
1596,Growth,0.009616207487889319,-0.0362652196378679,unskilled,1986-02-01,1997-06-01,137,0.4975428130219683,-0.4854134804760447,0.15842322923305358,-0.0870028671552248
1597,Growth & Income,0.02277885395782579,0.0,zero_alpha,1979-09-01,2003-03-01,283,0.8911619572795773,0.20080830753788642,-0.0353371306317437,0.06535459643779777
1598,Aggressive Growth,0.022498980775170697,-0.025396691722359165,unskilled,1975-03-01,1999-05-01,291,1.0007408335740817,0.12440976017430244,-0.3780823393042394,0.30935261860749386
1599,Growth,0.018405784388403373,0.0,zero_alpha,1981-11-01,2001-05-01,235,1.019793481309751,0.48780776256422487,0.13314046813180955,-0.09422659879617931
1600,Growth,0.00828027560962958,-0.0311370604113894,unskilled,1983-04-01,2003-10-01,247,1.0943533567001547,0.17137260188408873,0.019278433812911625,-0.05404194761666155
1601,Growth,0.012622983793031436,0.0,zero_alpha,1975-09-01,2005-11-01,363,0.9184613372339857,-0.14368686957854307,0.07487022184360409,0.08293616321015068
1602,Growth,0.009723548123182105,0.0,zero_alpha,1983-02-01,2000-04-01,207,0.9251516281063776,0.10547528175511918,0.37722056006050275,0.11294873410225649
1603,Growth,0.018436911636862573,0.0,zero_alpha,1979-10-01,1995-02-01,185,0.7501823855885206,-0.352770710784157,-0.1749623259061307,0.12203810064541053
1604,Growth & Income,0.020598621083612555,0.0,zero_alpha,1978-05-01,1997-11-01,235,0.9193217691240203,-0.13272945879991063,-0.5849631866244086,-0.10695337972522002
1605,Growth & Income,0.007842674440351112,0.0,zero_alpha,1975-07-01,2003-01-01,331,0.7607637406403301,0.3288764920382494,-0.22069091556195142,-0.05980722054016081
1606,Growth,0.022959116658140377,-0.027420487288219934,unskilled,1977-08-01,2001-09-01,290,0.6728194820291875,0.10816489001158419,0.08720901365356423,0.05232517997029529
1607,Growth & Income,0.014256518143676733,0.0,zero_alpha,1995-02-01,2002-01-01,84,0.7872230944834132,0.4006270598745164,-0.004614819650391898,0.2093466968942422
1608,Aggressive Growth,0.020900117089898966,0.0,zero_alpha,1988-09-01,2006-01-01,209,1.1763027361705958,-0.3217230627195119,-0.25312722591973635,-0.0157726123177641
1609,Growth,0.006032752170839246,-0.03088460128687362,unskilled,1979-07-01,2004-06-01,300,0.9094158197730084,0.10938465066906176,-0.29394347663528614,0.016654714987427086
1610,Growth & Income,0.012211623740388753,0.0,zero_alpha,1988-02-01,1999-01-01,132,0.9829816044535048,0.05112187540305367,-0.08092180316347909,-0.13388926557091144
1611,Aggressive Growth,0.005295618953946504,-0.03378131985530713,unskilled,1975-03-01,2006-11-01,381,0.8729755623202915,0.4089621456533015,-0.25921893397636114,0.2994840247838364
1612,Growth,0.01936969462871299,0.0,zero_alpha,1977-06-01,2004-03-01,322,0.6814173470822154,0.33819069204165564,0.09412668365090508,0.04313944207125647
1613,Growth,0.006589019404623704,-0.02289676921176599,unskilled,1976-10-01,2004-08-01,335,1.090416968739456,0.3305630375220745,-0.09228537772525379,0.18166321693351128
1614,Growth,0.01176571582052889,0.0,zero_alpha,1990-06-01,1997-07-01,86,0.6241702790216617,0.5553525095210253,-0.13542357686634238,0.024484581210140084
1615,Growth & Income,0.020634973612776133,-0.038082800746905635,unskilled,1983-12-01,2004-07-01,248,0.8667810984812512,0.07797822267835845,-0.16165528058460132,0.03279005978651182
1616,Growth,0.01997932956865828,-0.039384289084228655,unskilled,1980-04-01,1999-06-01,231,0.9418077678724908,0.5037702088251798,0.04262454531611887,-0.2050463336278091
1617,Growth,0.017805792407456854,-0.034591399211831374,unskilled,1980-10-01,2002-08-01,263,0.9845734465144782,-0.09105153771993399,-0.0014781552479928468,-0.302614280453885
1618,Growth,0.01888041277682778,0.0,zero_alpha,1976-12-01,2004-11-01,336,0.8410295593206695,-0.10021943744142345,0.03039145397251878,0.20778578177539384
1619,Growth,0.018024626502071456,0.0,zero_alpha,1980-01-01,1994-06-01,174,0.6743057775417538,0.3581866428745847,0.026025888761162304,0.03170873213936301
1620,Growth,0.01782551918013661,0.0,zero_alpha,1978-09-01,1998-01-01,233,0.8298360061496842,-0.2061851846022004,-0.024439107319341298,0.05096421844799273
1621,Growth & Income,0.011993092800827995,0.0,zero_alpha,1975-09-01,1998-12-01,280,0.8376863018570506,0.31319140710473947,-0.21662611669161813,-0.1673580628300616
1622,Growth,0.005563314081537112,0.0,zero_alpha,1977-12-01,2003-03-01,304,0.8340359757267379,0.19532829843033153,-0.15607602534625245,-0.11545962666904354
1623,Growth & Income,0.0138365169963156,0.0,zero_alpha,1979-06-01,2005-03-01,310,1.0955087885311405,0.4379631821637182,-0.08893498102778738,0.1793453001702477
1624,Growth,0.005909193031806894,0.0,zero_alpha,1987-05-01,2001-05-01,169,0.7679595832791286,0.15513900876127765,0.4030390476176644,0.2810215656262155
1625,Growth,0.014377347902472838,-0.03385957290660645,unskilled,1975-01-01,2006-12-01,384,0.9951468911657237,0.1840122365738818,-0.27976726408336233,-0.07319110206588278
1626,Growth,0.014281579534595131,-0.035271416383437774,unskilled,2001-06-01,2006-08-01,63,0.9737445555826874,0.2973162482312265,-0.0937953006633781,0.12072249325445834
1627,Growth,0.008574430745276385,0.0,zero_alpha,1975-07-01,1993-10-01,220,1.0940682616207504,0.004337612485055403,0.009653412022097753,0.04850373990224076
1628,Growth & Income,0.02068523260738372,0.0,zero_alpha,1983-02-01,2004-06-01,257,0.9300302192394603,-0.006551576872555309,-0.0706665506544985,0.0019206589883411576
1629,Aggressive Growth,0.019084186838208624,0.0,zero_alpha,1995-04-01,2001-10-01,79,1.0686696450796338,0.28860735996085485,0.20479390828754754,0.29779385302674793
1630,Growth,0.016190790814018884,0.0,zero_alpha,1981-07-01,1998-08-01,206,0.9241669792858852,0.16267804771734065,-0.07169958610057327,-0.04798024690341279
1631,Growth & Income,0.023518171602433746,0.0,zero_alpha,1978-02-01,1999-02-01,253,1.01515887898772,0.06817152067392993,-0.05690827983012189,0.20610689555262285
1632,Growth & Income,0.010743742264204218,0.0,zero_alpha,1978-10-01,2000-02-01,257,0.7245588369129139,0.14930397507558313,0.15292570272326345,0.0772134975563073
1633,Growth,0.01024064442929987,0.0,zero_alpha,1991-04-01,1999-05-01,98,0.5542582885563336,0.5686398769595825,0.3521423325836752,0.017466601645277153
1634,Growth,0.00866871631104778,-0.033760667752441145,unskilled,1991-11-01,2004-04-01,150,1.006632028034878,0.059245398315026884,0.2714996747896656,0.22580257595496173
1635,Aggressive Growth,0.015888795755633997,0.0,zero_alpha,1988-03-01,1999-09-01,139,1.0146774689058844,0.05199509667949612,-0.03733077682182873,0.06352017476345419
1636,Aggressive Growth,0.009107143653971611,0.0,zero_alpha,1980-01-01,2002-03-01,267,1.0213253499727823,-0.2568610561656237,-0.019902842346480657,0.005535870513157884
1637,Growth,0.022377911568032365,0.0,zero_alpha,1986-11-01,2000-08-01,166,0.8712601227867981,0.15941176546072128,-0.0006561510431592112,0.22691632594730493
1638,Growth,0.011086195409676078,0.0,zero_alpha,1975-10-01,1996-02-01,245,1.1734583378315557,0.334220877810098,0.019399881692517107,0.20738933806578375
1639,Growth,0.01481862020472121,-0.021291761995647692,unskilled,1979-06-01,2004-02-01,297,0.8810183276394467,0.37904952892021704,-0.179469622869563,0.20029449817308131
1640,Growth,0.015590215298603247,0.0,zero_alpha,1975-03-01,2001-09-01,319,1.0131318529508553,0.19705440040763317,0.1773187597710878,-0.5631706512429496
1641,Growth,0.01115293094870997,0.0,zero_alpha,1996-04-01,2006-02-01,119,1.0391954337506117,0.4089583932702209,0.031321825544557313,0.0860264938607616
1642,Aggressive Growth,0.019768392421393763,0.0,zero_alpha,1977-05-01,2006-09-01,353,1.2078110239623665,0.3528076004700605,-0.01897123776306275,0.051817578960495464
1643,Growth,0.01884145872467513,0.0,zero_alpha,1986-07-01,1995-11-01,113,0.902445557031525,0.4482375574230657,-0.26422907531181455,0.01477051188717712
1644,Growth,0.020216220564424892,-0.030070767237217494,unskilled,1984-11-01,1990-05-01,67,0.852021064065627,0.41607566386939043,0.0024572416981224927,0.11146694509590177
1645,Growth,0.01711840939581988,0.0,zero_alpha,1993-12-01,2000-01-01,74,0.7252781923377015,0.5624945490268128,-0.3886424606441611,0.05908353087567918
1646,Growth,0.014203645845197555,-0.03379008344037214,unskilled,1988-10-01,1999-02-01,125,1.182855050999371,0.1275767083584376,-0.12632986880644642,0.12167111259907722
1647,Growth,0.013978341930850326,0.0,zero_alpha,1977-06-01,2005-12-01,343,1.013211636057281,-0.16176451059037708,-0.12261954129583973,-0.02019427116324891
1648,Aggressive Growth,0.019330691232369312,0.0,zero_alpha,1986-02-01,1996-08-01,127,1.0179591658841454,0.3359296859213551,0.047399038617523793,0.24472709452647387
1649,Growth & Income,0.01254070482111032,-0.031968304688188655,unskilled,1976-12-01,2000-08-01,285,1.4175056361985878,0.3651382973306941,0.3659700049890592,0.1368416287659239
1650,Growth,0.01374519562224372,-0.027982074903106995,unskilled,1976-02-01,1992-05-01,196,0.9987567111779448,0.5624988483452849,0.10438149313308744,0.10137898857722603
1651,Growth & Income,0.008273422384440687,-0.028547573229661158,unskilled,1982-05-01,1988-04-01,72,0.7546517892349951,0.49032258904242654,0.27968041452712267,0.09405578505602956
1652,Growth & Income,0.0185926091264276,0.0,zero_alpha,1982-12-01,1999-11-01,204,0.9206144637510535,0.6563681139661414,0.11904243462071538,0.19359219612403455
1653,Growth,0.006538494984695864,0.0,zero_alpha,1986-02-01,1991-10-01,69,0.8037826386727019,0.32496349508163325,0.2150106979375231,0.1732531680403234
1654,Growth & Income,0.024810243217609638,0.0,zero_alpha,1982-03-01,1999-12-01,214,0.8906197408125841,0.22720264798465706,0.36142547058862123,0.003084191968056836
1655,Growth,0.007874751543392313,-0.03369629241942008,unskilled,1978-04-01,1998-04-01,241,0.8896115595868088,-0.17624578033143665,-0.156367366460451,0.1685465571234944
1656,Growth,0.012659567922368527,0.0,zero_alpha,1987-03-01,2006-03-01,229,0.8619463413399425,0.2470241336285201,-0.1694208868263007,0.04610783600630668
1657,Growth & Income,0.009755612657965627,0.0,zero_alpha,1982-02-01,1994-08-01,151,0.7410076241966904,0.031874160782170535,0.12376218009546429,0.3075390187250493
1658,Growth,0.01081316251967683,-0.02771012059371423,unskilled,1980-05-01,2006-01-01,309,1.1888752450508444,0.22287750335811773,-0.010735690812449163,0.18465917165704482
1659,Growth,0.011449064986081291,0.0,zero_alpha,1979-04-01,2000-04-01,253,0.9948272066657591,0.18362829657741403,0.03407076656139214,-0.07384139778425401
1660,Growth,0.019366732781087578,0.0,zero_alpha,1983-12-01,1995-09-01,142,0.9161791947949642,0.28793339721253375,-0.05973337842147213,0.36960660341753987
1661,Growth,0.008534985463088979,0.0,zero_alpha,1984-04-01,2000-12-01,201,1.0636456744273615,0.14566732261537235,-0.12925174340494347,-0.29530597539847436
1662,Growth,0.0102771308435868,-0.033111113485493865,unskilled,1981-05-01,1989-03-01,95,1.0206600912274086,0.4037550476831462,0.3141529337550051,0.11560321110035633
1663,Growth,0.007024121805408883,0.0,zero_alpha,1975-06-01,2005-05-01,360,0.991353609911307,-0.5107885782187644,-0.22997222276398288,-0.08443709941679288
1664,Growth & Income,0.011629199974281534,0.0,zero_alpha,1977-07-01,2002-10-01,304,1.052749710915024,0.21749839378946112,0.12727845184830885,0.30232704405095295
1665,Growth,0.023824834867210442,0.0,zero_alpha,1990-07-01,2003-03-01,153,0.9700902115637985,0.4706224447881405,0.09484565714608999,0.05792090979429303
1666,Growth & Income,0.012602179653666746,-0.03789151811557433,unskilled,1976-04-01,1999-06-01,279,1.0505332185487386,0.6375121271140537,-0.32580265951404885,-0.09906931976306817
1667,Growth,0.020546766080930652,0.0,zero_alpha,1978-10-01,2002-01-01,280,1.0629668451316663,0.3529903345962657,-0.17615606599871877,-0.019974206832937495
1668,Growth,0.014234078760001882,0.0,zero_alpha,1982-02-01,2003-07-01,258,0.9744078102549204,0.5912207556456347,-0.14253811218997353,-0.08708971879983873
1669,Growth & Income,0.013991993686240631,-0.03083661894322648,unskilled,1993-02-01,1999-06-01,77,0.9169408259755826,0.21223399893968561,0.10291682266331827,-0.025866546785511823
1670,Growth,0.021479418880068293,0.0,zero_alpha,1976-06-01,2005-02-01,345,1.1795596702180862,0.17071564398176578,-0.0834070211861102,-0.029297142383425716
1671,Growth,0.00553638907147549,-0.023745360338843752,unskilled,1975-02-01,2005-11-01,370,0.878314769033985,0.3023539108069379,-0.027117961322161065,-0.09267338030515818
1672,Growth & Income,0.0222977299841896,-0.03364262611561447,unskilled,1975-01-01,2006-04-01,376,1.0086970400641018,0.16920142927723375,-0.3015294713969456,0.0605095717373936
1673,Growth,0.014704169032003719,-0.03411649156022077,unskilled,1975-04-01,2006-09-01,378,1.01208626161086,-0.02558936700434014,0.4551823433430628,0.07868362451100984
1674,Growth,0.012022543703681183,0.0,zero_alpha,1976-08-01,2006-08-01,361,0.8585663221604546,0.041189938967025164,0.004239123747899408,-0.12944595869139508
1675,Growth & Income,0.02313669901917802,0.0,zero_alpha,1975-03-01,2000-02-01,300,0.828826642203276,-0.1080382265190393,0.08980017945938878,-0.22874031445659967
1676,Growth,0.011797187035470709,-0.029565137596072093,unskilled,1997-09-01,2004-02-01,78,0.8969221968695223,0.30209427371631115,-0.11812509771304448,0.06664346782243574
1677,Aggressive Growth,0.024553947101723924,0.0,zero_alpha,1984-10-01,2002-04-01,211,0.8761674720236587,0.17284795312511933,-0.14052546541357025,0.09978808266793006
1678,Growth,0.023727129985659096,0.0,zero_alpha,1975-02-01,1986-08-01,139,0.7312804157541701,0.07992847081047563,0.3725369309907063,0.12953251429418505
1679,Growth,0.01035846424433484,0.0,zero_alpha,1982-04-01,1993-02-01,131,0.8522757376221086,0.028329060790677457,-0.39334432140132586,0.10267615723911917
1680,Growth,0.01181205439647363,0.0,zero_alpha,1976-01-01,2003-05-01,329,0.9899334476951843,0.29626408654990666,0.04572941368615533,0.2559075163605485
1681,Aggressive Growth,0.02124335092034103,0.0,zero_alpha,1979-10-01,2006-09-01,324,1.1398915376222898,0.36511204515251755,-0.25230077822157865,0.16956018303968948
1682,Growth,0.008912201645294528,0.0,zero_alpha,1982-03-01,2001-03-01,229,1.033158700276045,-0.11262849912629566,-0.09100023087940098,0.42197422946233637
1683,Growth & Income,0.01963903128143045,0.0,zero_alpha,1977-04-01,2002-02-01,299,0.5600698252444642,-0.1519211674439044,-0.1376188935348042,0.4850970795249417
1684,Aggressive Growth,0.007583022940170466,-0.040006389685594265,unskilled,1981-07-01,1989-12-01,102,1.046195557213599,0.4086274889052538,-0.2071955366838496,-0.24371538814670704
1685,Growth,0.00911211053491932,0.0,zero_alpha,1986-11-01,1997-10-01,132,0.8662772321156423,-0.1737833096221489,-0.002911654058734502,-0.3095707946853768
1686,Growth,0.015010116191773355,0.0,zero_alpha,1975-01-01,2003-03-01,339,1.0179620112031644,0.3068717084556211,-0.5236058294612131,0.01889130532299278
1687,Growth,0.01991763453632846,0.0,zero_alpha,1978-11-01,1995-12-01,206,0.9478797111184057,0.5742272996885033,-0.07309769638373945,0.09563486448204828
1688,Aggressive Growth,0.019788572871023646,0.0,zero_alpha,1977-01-01,1996-09-01,237,0.9210968560869758,0.5748087008482836,-0.02805799506999502,0.008617248649141656
1689,Growth,0.017178445444934905,0.0,zero_alpha,1984-01-01,2001-06-01,210,0.9346646408056788,0.3544681476580229,-0.28185530928120256,0.125537066908664
1690,Growth & Income,0.010442253477918117,0.0,zero_alpha,1989-06-01,1999-10-01,125,0.9466363537595329,0.3472023788305302,0.2926437442898768,-0.020536311309756288
1691,Growth,0.01330755728286839,-0.025361569338661544,unskilled,1977-03-01,2004-06-01,328,1.1516607458135366,0.7329768625491138,-0.128891674959463,-0.08409261451211851
1692,Growth & Income,0.009924285331683207,0.0,zero_alpha,1975-12-01,2001-05-01,306,0.9470509719372369,-0.41359891572344265,-0.0574968484929674,-0.06143362897765667
1693,Growth & Income,0.010540348500815937,0.0,zero_alpha,1978-03-01,2001-08-01,282,1.11283041997718,0.05391608097984124,-0.12844383278294053,-0.010025255359630596
1694,Growth,0.011464480413971323,0.0,zero_alpha,1989-10-01,2004-03-01,174,1.0909858798768486,0.3821229622691504,-0.026313224086117207,0.1465268516090224
1695,Growth,0.01697695422067045,0.0,zero_alpha,1976-12-01,1999-04-01,269,1.0500568321375479,0.08567824803951075,0.25162881870120984,-0.053011104499874534
1696,Growth,0.009151897771023317,0.0,zero_alpha,1975-03-01,2005-11-01,369,0.6820071769805484,0.47994457715175864,0.48460316078469495,-0.02334530543750579
1697,Growth,0.005851390383681951,-0.023160350432100588,unskilled,1976-01-01,1998-07-01,271,1.117494898424241,0.16016148492245186,0.1391278407401317,0.10553252660665303
1698,Growth & Income,0.018849093035983255,0.0,zero_alpha,1986-03-01,2004-06-01,220,0.8813148058796617,0.2029359650843994,0.20759875339435424,-0.009819459631778452
1699,Growth,0.005436128012116406,0.0,zero_alpha,1977-05-01,1989-07-01,147,1.0573590921612157,0.1013313339385156,0.3332854962954164,0.1875065825968084
1700,Growth,0.024415696357181372,0.0,zero_alpha,1982-07-01,2001-07-01,229,0.8041200750139379,0.039372260297984824,0.039774215353291405,-0.11792593483525916
1701,Growth & Income,0.012005710204933413,-0.0282456550563437,unskilled,1992-01-01,2006-12-01,180,0.7722388935045116,0.03322250921308703,0.304050174722374,-0.15045456346982305
1702,Growth & Income,0.005131627446383653,0.0,zero_alpha,1981-10-01,2003-03-01,258,1.2464583105246798,0.23779157420919408,0.14848022647808065,0.06569435510275139
1703,Growth,0.022691706228290413,0.0,zero_alpha,1985-09-01,1991-10-01,74,0.8064525399742828,-0.02364124145571672,0.01879747186231439,0.08064326933971946
1704,Growth & Income,0.01699609066673656,0.0,zero_alpha,1979-07-01,1989-07-01,121,1.121915995857762,0.4083012208728219,0.06006820689029358,-0.10974392411251192
1705,Growth,0.021347845896820136,-0.03756205735991709,unskilled,1975-01-01,2001-03-01,315,0.9677630482154781,0.3333064811507058,-0.3742833926735649,0.22153931019911383
1706,Growth,0.01370049431271931,0.0,zero_alpha,1977-08-01,1992-10-01,183,0.8869819912459742,0.44485411024246013,0.04842385208922995,0.3087405214655339
1707,Growth,0.012083637660278668,0.0,zero_alpha,1989-09-01,2006-04-01,200,0.943275667350469,-0.11223108899824966,-0.3187495040892593,-0.07417813192610734
1708,Growth,0.018103788860958606,0.0,zero_alpha,1976-10-01,1996-05-01,236,0.7548358255203033,-0.25486913669661093,-0.3350538303222215,0.24309510090967862
1709,Growth,0.013120017497822569,0.0,zero_alpha,1975-04-01,1992-01-01,202,0.9479368430586154,0.16895356109205914,0.028575737805044972,-0.33731982580010833
1710,Growth,0.01612417196041843,-0.03720271969578767,unskilled,1980-05-01,2005-10-01,306,0.787588952915606,0.8947001533898803,-0.23281571904001086,0.18141684000770372
1711,Growth,0.010556457562294879,0.0,zero_alpha,1983-07-01,1995-01-01,139,0.8906834308529021,0.4865521945236426,-0.01142275026067554,-0.10866441566926262
1712,Growth & Income,0.011652908134615501,0.0,zero_alpha,1977-05-01,2002-10-01,306,1.0887949345954364,0.03138842287332175,0.01768690386997296,0.16641090229582092
1713,Growth,0.0066438152644344274,0.0,zero_alpha,1990-05-01,2000-12-01,128,0.9881286014836486,0.2761280336078353,0.026609920163426976,-0.12419139789349982
1714,Aggressive Growth,0.020627439734367307,0.0,zero_alpha,1983-12-01,1998-11-01,180,0.7276744251679217,0.3518967268609209,-0.1908242814084203,0.009726869805980712
1715,Aggressive Growth,0.011977016539477943,0.0,zero_alpha,1985-03-01,2006-01-01,251,1.0777232190370805,-0.17209706018321533,0.16973647649623977,-0.10151733948127593
1716,Growth,0.024499982908622493,-0.03825823607053069,unskilled,1976-06-01,2005-04-01,347,0.9489350357136286,0.5124064672586512,-0.02784704729321579,-0.012082104667312129
1717,Growth,0.010195176482375837,-0.024833927466969136,unskilled,1989-11-01,2001-01-01,135,0.8686722097385992,0.12814396829476482,0.0782151360342324,0.2944886043395667
1718,Growth,0.014501053605390515,0.0,zero_alpha,1984-11-01,2005-08-01,250,1.0620014455863396,0.14732978884803494,-0.24928792278939935,0.0038093305109890806
1719,Growth,0.011110644010767824,0.0,zero_alpha,1986-10-01,1993-05-01,80,0.9249189744534496,0.17594616485846393,-0.04566551135919739,0.33654524358887544
1720,Growth & Income,0.018878507498313477,0.0,zero_alpha,1982-02-01,1989-01-01,84,0.7751507990141431,0.4561350348269737,0.20945889665402403,-0.03787188416392544
1721,Growth,0.021167318392408412,0.0,zero_alpha,1981-03-01,2006-11-01,309,1.2271714567174405,-0.018795539550351986,0.18403552636174028,0.24376470557102028
1722,Aggressive Growth,0.01474021461035755,0.0,zero_alpha,1976-09-01,2001-01-01,293,0.9474068835663518,-0.2567425011961131,-0.1694585365848788,-0.22385389097692046
1723,Growth & Income,0.01233855114812424,0.0,zero_alpha,1975-08-01,1990-09-01,182,0.9377922193276674,0.2507388232250111,-0.1191116381149691,-0.02297635830672867
1724,Growth & Income,0.019895026381276926,0.0,zero_alpha,1980-12-01,2002-09-01,262,0.8892342242404114,-0.34091452154328217,-0.20773734601276378,-0.06041649779880362
1725,Growth,0.008829100881280505,0.0,zero_alpha,1991-08-01,2006-10-01,183,1.1269948609186384,0.09472410121611499,-0.14128258365217636,0.25065584011957126
1726,Growth & Income,0.01698932676424264,0.0,zero_alpha,1976-09-01,1989-02-01,150,0.871268223778694,0.4667185724647046,-0.2898135081413058,0.04778731790541112
1727,Growth,0.01967248920545839,-0.030261457737745214,unskilled,1988-02-01,2004-09-01,200,0.7182530211782593,0.31477347587718457,-0.0376351744816948,-0.29321247544712425
1728,Growth,0.010385392227581454,0.0,zero_alpha,1990-07-01,2003-11-01,161,0.8481983507156032,0.43058901643131897,0.11662767963656882,-0.17651944820853435
1729,Aggressive Growth,0.01811398680228039,-0.0327626126622618,unskilled,1979-09-01,2006-08-01,324,1.1490161900682188,0.3250878413007072,-0.16701057276021575,-0.1318993374069101
1730,Growth,0.019704522901738523,0.0,zero_alpha,1981-09-01,1997-09-01,193,1.0748198242185676,0.7725836221958521,-0.028121256532235392,0.1601075441168253
1731,Aggressive Growth,0.00734833258968145,0.0,zero_alpha,1979-09-01,1993-04-01,164,0.9117476521010208,0.022940093085796254,-0.05409968152627135,0.14075112254844135
1732,Aggressive Growth,0.011478149686783398,0.0,zero_alpha,1981-06-01,2000-11-01,234,1.1559882712460712,0.26953291925208084,0.20102374631964381,-0.025059914944167965
1733,Aggressive Growth,0.013126120958683766,0.0,zero_alpha,1975-12-01,2001-05-01,306,1.0621913343232823,0.060469882196837424,-0.13231836736088426,-0.062276469042635924
1734,Growth & Income,0.020519147941197958,0.0,zero_alpha,1991-08-01,2003-11-01,148,0.9100115954548089,0.40920031747871777,-0.1250432215301703,0.12745823612750792
1735,Growth,0.0163501026582508,0.0,zero_alpha,1976-02-01,2006-06-01,365,0.925113521734838,0.15460628098737603,-0.17920422565847227,-0.14942846386479408
1736,Growth,0.01399122946273821,0.0,zero_alpha,1982-01-01,1999-06-01,210,0.999397659791815,0.5997112198610113,-0.23750190401569757,0.08865034669255292
1737,Growth,0.011375448973417922,-0.03311929408440249,unskilled,1979-10-01,2002-07-01,274,0.8252169575504276,0.0372960111495059,0.09583699828939397,0.07587769953053494
1738,Growth & Income,0.005081227344497674,-0.043668080599241516,unskilled,1975-10-01,2006-08-01,371,0.9506757598264026,0.521781631429246,-0.03702215926609573,-0.021188438960014714
1739,Growth,0.00540440181927174,0.0,zero_alpha,1983-01-01,1999-08-01,200,0.9962770046919935,0.31828488263599275,0.0009619719646603731,0.07965169475685732
1740,Growth & Income,0.009808924514725172,0.0,zero_alpha,1993-04-01,2003-07-01,124,0.696955064208719,0.16188473272825488,0.24492823123907936,0.03531415296120266
1741,Growth,0.0073338121167018525,0.0,zero_alpha,1981-04-01,2006-06-01,303,0.9216019516148153,0.3056105844649811,0.2564161451855743,0.09461292421348104
1742,Growth,0.007391731940555509,0.0,zero_alpha,2000-07-01,2005-08-01,62,0.9045415721951467,0.23531609688229807,-0.3392468615669607,-0.1801153462720141
1743,Growth & Income,0.017054792481328927,0.0,zero_alpha,1984-02-01,2001-05-01,208,1.1042102029940484,0.2589886700629525,0.11956693461911348,0.11217529707930526
1744,Aggressive Growth,0.017109106464403893,0.0,zero_alpha,1975-06-01,2006-11-01,378,0.6733254509283448,0.11828223172640229,0.03512938514223784,0.17399019942534083
1745,Growth,0.00589544218874686,0.0,zero_alpha,1979-12-01,1996-01-01,194,0.8927740970444433,-0.005397126888747827,-0.1023181998291873,0.06814271308466673
1746,Growth,0.016878705036008267,0.0,zero_alpha,1975-04-01,1998-09-01,282,0.8777368028953119,0.08623222000936737,0.055536737405588475,0.110182377648725
1747,Growth & Income,0.007916371880674032,0.0,zero_alpha,1980-03-01,1999-04-01,230,1.09401064458824,-0.25078624448705567,-0.3552766470441572,0.00351210238853562
1748,Aggressive Growth,0.012544514696144789,0.0,zero_alpha,1993-08-01,2004-04-01,129,0.9434680145952661,0.3804870831331564,0.28252846855527985,0.15369988493945647
1749,Growth,0.024793677193351647,0.0,zero_alpha,1977-06-01,1990-12-01,163,1.2194141968478553,-0.1387909930438699,0.09298881941438153,0.029787069196978176
1750,Growth,0.015440107264408979,0.0,zero_alpha,1982-01-01,2001-02-01,230,1.049332007285958,0.1155882361910751,-0.18303954896653185,-0.15219119236819156
1751,Growth,0.005683760267246902,0.0,zero_alpha,1979-09-01,1987-05-01,93,0.8884665508715721,0.3320112603702583,-0.12708204436390477,0.14303242323248902
1752,Growth,0.011953164033584165,0.0,zero_alpha,1981-10-01,1997-11-01,194,0.9859488044838438,0.37984917927497786,-0.3506292951094881,-0.22512193712616585
1753,Growth,0.018417963176735323,0.0,zero_alpha,1977-04-01,1993-05-01,194,0.8968896785945812,-0.2736629842093097,-0.07279144996725082,0.06241696164325747
1754,Growth,0.009491957692701801,0.0,zero_alpha,1978-04-01,2005-10-01,331,1.0789094135735628,0.14703798119373057,-0.1065463954481166,-0.0376334275070469
1755,Growth & Income,0.02428898473917153,0.0,zero_alpha,1994-03-01,2002-06-01,100,0.7501703430063481,0.2849361748622055,-0.2750220774247518,-0.04721886245570678
1756,Growth,0.013505873957818312,0.04017442135731823,skilled,1978-04-01,2005-12-01,333,0.8264456035143,0.1830040273155817,0.14534044674195562,0.045798312488930785
1757,Aggressive Growth,0.005421746134854211,0.0,zero_alpha,1986-04-01,2002-04-01,193,1.018353487783238,0.5060187394183862,0.2453594379388951,-0.08639322862269913
1758,Growth,0.015811323292259177,0.0,zero_alpha,1977-03-01,1999-09-01,271,1.133863467308543,-0.03545172497865057,-0.015472098008895555,0.09683090211917485
1759,Growth,0.01852379248705074,0.0,zero_alpha,1981-05-01,2001-05-01,241,0.6197047105791201,-0.34226028254754914,-0.0711293765692736,0.028519494893300308
1760,Growth,0.014119823541034714,0.0,zero_alpha,1976-12-01,1989-12-01,157,1.1561706823985622,0.3725815041921303,0.07699692042635876,-0.07259409271182969
1761,Growth,0.023563416795477323,0.0,zero_alpha,1975-09-01,2005-10-01,362,0.928979730735799,0.035728470095378106,-0.013927792499008614,0.22072693550694777
1762,Aggressive Growth,0.02303864334931213,0.0,zero_alpha,1985-08-01,1996-07-01,132,0.6674187557094255,-0.26963514939649946,-0.22643584324623728,0.05071739154492473
1763,Growth & Income,0.007779201463055156,0.0,zero_alpha,1992-06-01,1998-04-01,71,0.4997408237165992,0.13037190235838156,-0.14053559731745224,0.11462014001367218
1764,Aggressive Growth,0.006598963346889137,0.0,zero_alpha,1975-08-01,2000-10-01,303,0.720592090128758,0.4776394939829254,-0.06928720134960617,0.23248830942416324
1765,Aggressive Growth,0.011246179948615804,-0.034035391181751626,unskilled,1983-05-01,2005-01-01,261,0.9470442716231897,-0.14581315445317453,0.03963731889533919,0.23002678036915583
1766,Growth & Income,0.01716265324535373,0.0,zero_alpha,1976-05-01,2005-05-01,349,0.9401152943286673,0.7539989884868169,-0.008132656424706362,0.10696781807842821
1767,Aggressive Growth,0.01703190628630679,0.0,zero_alpha,1987-12-01,2005-03-01,208,1.0449800652063965,-0.03947039863416546,0.03207387599742318,-0.025398730151470646
1768,Growth,0.010432861994500464,0.0,zero_alpha,1989-01-01,1994-05-01,65,0.8675769233658555,0.19175271353143747,-0.31496559665678436,-0.1944555681305817
1769,Aggressive Growth,0.02402201093554001,0.0,zero_alpha,1989-07-01,1994-12-01,66,0.7837939180330743,-0.1347831044619021,0.12304354881698583,0.0510036050719619
1770,Growth,0.011146634334310682,0.0,zero_alpha,1985-09-01,2002-04-01,200,0.888037041850866,0.18040258717400356,-0.009316823198297542,0.18418764737260784
1771,Growth,0.021083988722023127,-0.029727898308928184,unskilled,1991-09-01,2003-05-01,141,0.9550415430367365,0.13656304456033078,0.5005418108300308,0.07314722290899278
1772,Aggressive Growth,0.021639603611694036,0.0,zero_alpha,1975-05-01,2005-03-01,359,0.9846159192432915,-0.20237347558277177,-0.0875268740352826,-0.4966876074651846
1773,Aggressive Growth,0.0069687003785468505,0.0,zero_alpha,1987-03-01,1995-04-01,98,0.8316252951091391,0.8764567422377275,0.05469169902187448,0.15050932322397007
1774,Growth,0.00965105824361704,0.028045940024380014,skilled,1975-02-01,2003-11-01,346,1.0852170050503038,0.046165707745326356,0.5558438324417004,0.15972487321636125
1775,Growth & Income,0.009303830159004874,0.0,zero_alpha,1985-02-01,1995-11-01,130,0.8567904842413949,0.04638436067349287,0.028818325900635766,-0.025183329058947043
1776,Growth,0.023393026335495993,0.0,zero_alpha,1994-06-01,2002-07-01,98,0.8195423956512644,0.4122589698384136,-0.023526107855203347,0.16825425128802834
1777,Aggressive Growth,0.012022098478778704,0.0,zero_alpha,1992-01-01,2004-05-01,149,0.8686412735797565,0.6235637208371172,-0.2073843789501303,0.11419481215900645
1778,Growth & Income,0.021729426667830145,0.0,zero_alpha,1981-08-01,1990-05-01,106,1.111226026355391,0.4516092170010757,0.295653273441797,-0.0828260188423044
1779,Growth,0.014560360043545498,0.0,zero_alpha,1981-04-01,1997-01-01,190,0.9300805320589011,-0.13029503075664658,-0.24182031723531405,0.21069516743265268
1780,Growth & Income,0.014144380883880408,0.0,zero_alpha,1985-01-01,1998-11-01,167,0.8458229745395341,0.2234772523736657,0.07542418336962439,-0.17012153846591707
1781,Growth & Income,0.023068427151864884,0.0,zero_alpha,1980-01-01,1999-03-01,231,1.0889161625672814,-0.3003431205962487,-0.1047110642616763,0.011413299344159683
1782,Aggressive Growth,0.013818028143888543,-0.03061862910335723,unskilled,1977-03-01,1996-08-01,234,1.2714122809923118,0.39542627033058914,-0.04786725251560446,-0.0035503469158127895
1783,Growth & Income,0.019897038344618527,0.0,zero_alpha,1983-04-01,1988-03-01,60,0.9814523951463421,-0.2387970346326155,-0.2947864537220117,-0.10381572282831712
1784,Aggressive Growth,0.013487550035807344,0.0,zero_alpha,1984-08-01,1992-11-01,100,1.135076369129815,-0.030800330902309242,0.258625444346779,0.06556908014734475
1785,Growth,0.007037394731526252,-0.032486432992067445,unskilled,1986-10-01,1996-01-01,112,1.1054116925862183,0.16919962399217234,-0.06555946118365533,0.21655533493595866
1786,Aggressive Growth,0.006061895889948963,0.0,zero_alpha,1995-02-01,2005-04-01,123,0.8591540372512501,0.28125164028525307,-0.2530179317786067,0.20716128077920817
1787,Growth,0.009164803539573958,0.0,zero_alpha,1988-05-01,1995-10-01,90,0.9539951270714349,0.10476634415117024,0.24053811940801828,0.12854963221128735
1788,Growth,0.019445360724542077,0.0,zero_alpha,1982-03-01,1995-08-01,162,0.7576183055444019,0.5497709191832204,-0.11082736260746072,-0.2343883760320443
1789,Growth,0.012472994402009895,0.0,zero_alpha,1983-02-01,2002-11-01,238,0.9192586600457547,0.35080989554806985,0.05692145834614425,-0.1803928451315679
1790,Growth,0.014082151627750509,0.0,zero_alpha,1989-06-01,2002-09-01,160,0.8560714446311414,0.33118118851605216,0.1582832764268732,0.04492536796381527
1791,Aggressive Growth,0.007037527970350965,-0.02882424526592798,unskilled,1982-11-01,1996-08-01,166,0.8895671064236547,-0.1373502254961659,0.084806866114864,0.014864743837468834
1792,Growth & Income,0.01746075199576119,-0.04273644514869327,unskilled,1982-01-01,1999-08-01,212,0.8375157452929495,0.5948419743863507,-0.4493271100998071,-0.05471197412474728
1793,Growth & Income,0.02106896420803904,0.0,zero_alpha,1977-09-01,1997-06-01,238,0.9069354787706648,-0.03076628606962789,0.1290713401955574,0.3057984796182248
1794,Growth,0.017493664880087238,0.0,zero_alpha,1990-09-01,2004-07-01,167,1.0298349029397371,0.6043856082467736,-0.03012275253302564,0.03587902297567118
1795,Growth,0.024692281636506126,0.0,zero_alpha,1993-04-01,2004-03-01,132,0.9320762134340006,0.6755487642313929,-0.07580573936066652,0.10136191117862275
1796,Growth,0.005326827830249423,-0.037292680409892046,unskilled,1977-10-01,1993-10-01,193,0.6703440203366922,0.2981641330909438,-0.031814989795044456,0.16818408214226688
1797,Growth,0.0053133965450104246,0.0,zero_alpha,1984-03-01,1989-09-01,67,0.838081915265227,0.4280032744198552,-0.3320065587882164,0.02824376745086895
1798,Growth,0.015000112062300806,-0.03755215342207239,unskilled,1978-09-01,1996-12-01,220,0.7220900971162622,-0.6007299407642172,0.02843418293236053,0.4086593251868554
1799,Growth,0.010328161177541135,0.0,zero_alpha,1976-07-01,2006-11-01,365,0.9866090338972651,0.12124939612740566,-0.28287827474186206,-0.1210558453653555
1800,Growth & Income,0.01873020810702008,0.0,zero_alpha,1976-01-01,1991-09-01,189,1.025497604608128,0.4455414099798849,-0.06716794191132626,-0.07091073848411832
1801,Growth,0.02086420307106265,0.0,zero_alpha,1980-01-01,1987-11-01,95,0.9884822332781247,0.40112756707852115,0.021252886307642133,-0.121423857742376
1802,Growth & Income,0.007048718175659994,0.0,zero_alpha,1977-07-01,2001-07-01,289,0.8318893410050918,-0.13493083452496937,0.20480741759752286,0.25439874296409554
1803,Growth & Income,0.023346764054924717,0.0,zero_alpha,1988-04-01,1996-08-01,101,0.9870280893696823,0.09656949003303157,-0.1739226319719429,0.14031288113279702
1804,Aggressive Growth,0.005598458756122022,0.0,zero_alpha,1980-06-01,1990-07-01,122,0.8794828616346687,-0.46409137630028663,0.2803174743691978,-0.061622786907788885
1805,Growth,0.018768078555889935,0.0,zero_alpha,1987-06-01,1996-04-01,107,0.779266182537462,0.2732482100431884,0.1793706507030295,-0.10958145624321707
1806,Growth,0.012690015325145782,0.0,zero_alpha,1977-05-01,2006-03-01,347,1.0612894879563395,-0.30083210030670593,-0.09588194849810722,0.22773357509039055
1807,Growth & Income,0.018348784256197646,0.0,zero_alpha,1975-06-01,2006-11-01,378,1.0727041630585656,0.45261946069689296,-0.23174985328052058,0.0742531573008289
1808,Growth,0.006952726432217931,0.0,zero_alpha,1976-02-01,1996-06-01,245,1.092334322162526,0.46568121517935224,-0.29876323644608427,0.2315626952924507
1809,Growth,0.023741606388775777,-0.023381671396083513,unskilled,1976-06-01,1998-01-01,260,0.8587477099951315,0.05140829639837535,0.044350770306627874,0.01097759738276652
1810,Growth & Income,0.02374816679680037,-0.021353764439858508,unskilled,1975-12-01,1998-04-01,269,1.1269043469039617,0.30031898261352213,-0.1574568299081628,0.09673029836503994
1811,Aggressive Growth,0.015388016283522234,0.0,zero_alpha,1984-08-01,2006-01-01,258,0.8759626623007898,0.11572531898487289,0.2298713610563431,0.06503414828660042
1812,Aggressive Growth,0.015191690681302893,0.0,zero_alpha,1983-02-01,2002-09-01,236,1.0480251982307769,0.23047709875371655,-0.1459047659656541,-0.07361670015611034
1813,Growth,0.017696163756274086,-0.024321220040020037,unskilled,1975-03-01,2006-10-01,380,0.8733631007349987,-0.11681485581078746,-0.19013419601039447,-0.0016216238213513819
1814,Growth,0.016601379010950754,0.0,zero_alpha,1980-09-01,2005-06-01,298,0.9164026754381344,0.32562315580997736,0.03672527024886273,-0.1576455016447517
1815,Growth & Income,0.015870931336550227,0.0,zero_alpha,1989-07-01,1996-10-01,88,0.5868233213916215,-0.24029630755610407,-0.14720937143188467,0.09411602355908649
1816,Growth,0.016783822977718663,0.0,zero_alpha,1978-11-01,1994-05-01,187,0.9047130178374626,-0.28748254058234546,-0.008290001326239329,0.13418731195202896
1817,Growth,0.02217260344357339,0.0,zero_alpha,1975-05-01,2006-08-01,376,0.9636634950177541,0.13951792083325204,0.18719786601170427,0.16852418001579794
1818,Growth,0.017221335591615684,0.0,zero_alpha,1986-05-01,2002-03-01,191,0.8884925573954241,0.11718918009718013,0.013445866333744833,0.11998173397565086
1819,Growth,0.008916687095934895,-0.027086302444884712,unskilled,1975-10-01,1986-03-01,126,1.213428210212771,0.23807543263793762,0.014192892140544816,0.0007684795245462839
1820,Growth,0.023278240807584165,0.0,zero_alpha,1977-03-01,2005-08-01,342,0.7756300872012085,0.007623127440917782,0.031029341781683623,0.2527955967615477
1821,Growth & Income,0.009319212371656916,0.0,zero_alpha,1980-02-01,2001-11-01,262,0.8654628144344111,0.6414229164463974,-0.34861979805707866,0.15384627315943172
1822,Growth,0.008303233895820498,-0.024592722261705134,unskilled,1975-10-01,1995-11-01,242,0.814269108502122,0.21015124734486051,0.06836754998609805,0.2282819452485657
1823,Growth,0.024941156581277227,0.0,zero_alpha,1979-02-01,1995-05-01,196,0.8654334531506793,0.22822044462905638,0.021986315345179225,0.23769300567055257
1824,Growth & Income,0.009268333889060565,0.0,zero_alpha,1985-08-01,1993-11-01,100,1.1047119594411057,0.2193084693517614,0.16857946539668417,0.00116005170396637
1825,Growth & Income,0.007001867173188148,0.0,zero_alpha,1980-09-01,1995-12-01,184,1.1717047691490445,0.4207274672370195,0.11116216022742383,0.07818191853398555
1826,Aggressive Growth,0.016240144217386013,0.0,zero_alpha,1979-06-01,1996-03-01,202,0.8448811083621587,0.3140043536211161,-0.05038972632110283,0.13618477752462166
1827,Growth & Income,0.021543874873499864,-0.03837843161668961,unskilled,1976-03-01,2006-04-01,362,0.8415488685915194,0.2805044749270698,0.19647857830213802,-0.15237126813016375
1828,Growth,0.0062150143972660435,0.0,zero_alpha,1982-08-01,1995-10-01,159,0.7764307027109127,0.3539960262163977,-0.06852613952254413,-0.14904597585681995
1829,Growth,0.014802083504365467,0.0,zero_alpha,1986-06-01,1995-05-01,108,1.1459428079778955,-0.2861536592617978,0.039431420815541,-0.17489674689926157
1830,Growth,0.006370046809139782,0.0,zero_alpha,1987-06-01,2003-11-01,198,1.1181506610374454,-0.27671191264644435,-0.07222988609587123,0.003784986722016527
1831,Growth,0.013573822357785658,-0.02779845931271302,unskilled,1975-01-01,2006-12-01,384,0.934102730001682,0.15098531367463905,0.08235156098464232,-0.029997558881739685
1832,Aggressive Growth,0.0118792025754065,-0.029338454072233254,unskilled,1976-04-01,1994-03-01,216,0.740585120553968,0.12058152932952448,-0.08529795652755243,-0.19535059424428577
1833,Growth & Income,0.007742588362661129,0.0,zero_alpha,1981-01-01,1996-03-01,183,0.7540006151815621,0.31495246101205204,0.3195103217883135,0.04240373415480164
1834,Growth,0.023620420468604318,0.0,zero_alpha,1975-08-01,1998-07-01,276,0.9755944175576889,0.17500422554587636,0.39347254744512783,0.005657162492511159
1835,Growth,0.017697739589047277,0.0,zero_alpha,1983-11-01,2006-04-01,270,1.0324006877669747,0.31546623361355264,0.16478765083720098,0.1973360255115489
1836,Growth & Income,0.021861126011564144,0.0,zero_alpha,1978-07-01,1991-07-01,157,0.6400782792468277,-0.14139881739032142,0.2982593298828057,0.3219468618698687
1837,Growth,0.0231188905836302,0.0,zero_alpha,1975-10-01,2006-11-01,374,0.9018035134193175,0.16731385739782634,-0.31784289617180944,0.0884675510621349
1838,Growth,0.02360370661976975,0.0,zero_alpha,1977-02-01,1998-01-01,252,1.1927443834336076,-0.16526418448944605,-0.29427554865499894,-0.08449457820493528
1839,Growth,0.019962292327387575,-0.041157030421075616,unskilled,1983-04-01,1989-09-01,78,0.9173736190054571,0.2667144835928502,-0.0743121133262426,0.11700865660206032
1840,Growth,0.011138966304683947,-0.032783189488290454,unskilled,1984-10-01,2000-09-01,192,1.1734457136185936,-0.29957126059083017,-0.001753806948224513,0.021395438498070955
1841,Growth,0.02157865237710707,-0.029596266705470456,unskilled,1976-10-01,2006-08-01,359,1.0473569193433525,0.25707752463521993,-0.04964148361993316,-0.01601878806722475
1842,Growth,0.015403658229641397,0.0,zero_alpha,1977-12-01,1993-06-01,187,0.7873580598746963,-0.19724984522427805,-0.33842704992659073,-0.10924016817697178
1843,Growth,0.01043307843653541,0.0,zero_alpha,1977-07-01,1997-10-01,244,0.9060993059972215,0.07411805169455114,0.22031834126472935,-0.04963300588330104
1844,Growth,0.012715476199878395,-0.037860035962974076,unskilled,1984-04-01,2005-10-01,259,0.9306958642182945,0.3937319228623123,0.4208396466713873,-0.006668651691074123
1845,Growth,0.011024470615462172,0.0,zero_alpha,1977-08-01,2001-07-01,288,0.807123264785974,0.22684499714960438,0.24619753583452453,0.14061445882481727
1846,Growth,0.014324080800060549,0.0,zero_alpha,1975-09-01,2004-03-01,343,0.8045197965783588,-0.24141505593107523,0.2071046537572943,0.09665383706117994
1847,Growth,0.020626702762418243,-0.03295652162440807,unskilled,1992-02-01,2001-01-01,108,1.176015288817784,0.0019015388264939925,0.035223921029120614,0.29383642143927435
1848,Growth,0.014697346836850669,0.0,zero_alpha,1976-03-01,1995-01-01,227,0.8033959070460572,-0.20534463136920048,-0.17859947414542743,0.12115071107697077
1849,Growth & Income,0.010357171561819629,0.0,zero_alpha,1985-12-01,2005-04-01,233,1.111765411461302,-0.2536896249012983,0.004505610527193525,0.0836442386843541
1850,Aggressive Growth,0.006748061493580615,0.0,zero_alpha,1995-02-01,2004-02-01,109,0.8845273282452475,0.19941579403349358,0.4111176073683007,-0.025934554820886118
1851,Growth,0.02211512174259198,-0.0333291939595769,unskilled,1982-08-01,2005-09-01,278,0.9461541005175241,0.3100745858900258,-0.0803976225014112,-0.13561944727700662
1852,Growth,0.013347372135526895,0.0,zero_alpha,1982-01-01,1990-02-01,98,1.0342766627357858,0.2801514801789224,-0.10099144956478832,-0.06548401627797151
1853,Growth,0.013838450907492354,0.0,zero_alpha,1976-09-01,1993-12-01,208,0.8602161990642981,0.3206567037199377,0.21146073182078276,-0.0849757994142891
1854,Growth,0.020274431404651436,0.0,zero_alpha,1982-09-01,1996-07-01,167,1.03518564702418,0.1670222872785454,0.22473721014911915,-0.36413602268977086
1855,Aggressive Growth,0.021994529917296193,0.0,zero_alpha,1982-09-01,1991-10-01,110,0.6430355450677426,0.10165244531250807,-0.17958036115496073,-0.13129476738612572
1856,Growth & Income,0.01522289815949341,0.0,zero_alpha,1979-08-01,2006-10-01,327,1.0159561082621955,-0.09826733176557859,-0.062296922647484515,0.26033146420489595
1857,Growth,0.017647356676171743,0.0,zero_alpha,1987-12-01,1999-06-01,139,0.5797204813142546,0.05998008206237529,-0.1103810991802869,0.07529003194384899
1858,Growth,0.009783134010779671,0.0,zero_alpha,1994-02-01,2005-11-01,142,0.9159729909952313,-0.1603370963315426,0.003937875812218066,-0.03647857830176446
1859,Growth,0.023701358911320528,-0.030787516043643888,unskilled,1978-01-01,2006-01-01,337,1.0781364477977737,-0.041291381781729836,0.21073733419029855,0.07977197332100312
1860,Growth,0.01635842536123484,-0.028443867101035723,unskilled,1977-05-01,2006-01-01,345,1.0433442959087564,0.19223171760951047,-0.17080550422561824,-0.2730106788594061
1861,Growth,0.01939209780990386,0.0,zero_alpha,1977-12-01,1983-10-01,71,0.7552384281557087,0.14054847811476945,0.20793296244738732,0.0623146574693636
1862,Aggressive Growth,0.007284261087051416,0.0,zero_alpha,1976-05-01,1988-10-01,150,0.7745503405859724,0.936182009473694,0.010330249784261702,0.21162383947212246
1863,Growth,0.01773841904715433,0.0,zero_alpha,1975-05-01,1999-06-01,290,0.8466991939516048,-0.16644889937625187,0.45523842726285557,0.001832607936592956
1864,Aggressive Growth,0.012378995648070663,0.0,zero_alpha,1978-08-01,2004-07-01,312,0.9779323793537201,0.1387253197920545,0.05376617687417471,-0.24579842893728523
1865,Aggressive Growth,0.014001259503569802,0.0,zero_alpha,1975-01-01,2006-12-01,384,0.6452100214934444,-0.18593302780093104,-0.029383713925853053,-0.04209108021650455
1866,Growth,0.018643240646848056,0.0,zero_alpha,1977-06-01,1997-05-01,240,0.9480164636227162,0.07305353100751229,0.10494294542319849,0.21188929924746797
1867,Growth & Income,0.020926550864168898,-0.019412629812330398,unskilled,2001-08-01,2006-09-01,62,0.9967144060700096,0.08322670447120388,-0.07742924757744202,0.05879444853465035
1868,Growth & Income,0.011987304766700634,0.0,zero_alpha,1975-06-01,2003-12-01,343,0.9075444228693524,0.3812200065582846,-0.36905462467036515,-0.19274651421903494
1869,Growth,0.022464737044692616,0.0,zero_alpha,1996-07-01,2005-10-01,112,1.0287981452079578,0.05758336519551971,-0.05810423485421961,0.3751443768775806
1870,Growth & Income,0.009379806083833903,0.0,zero_alpha,1990-11-01,1999-01-01,99,0.9835586237489305,0.12217009998596029,-0.061258721813845014,-0.16807127743676994
1871,Growth & Income,0.016257964665252363,-0.03792471883208512,unskilled,1975-12-01,1999-02-01,279,0.8687518610901657,0.06242050938194514,-0.3284634921099624,-0.016438687241982188
1872,Growth,0.008025309606694784,0.0,zero_alpha,1975-08-01,1996-11-01,256,0.6595715959610764,-0.18026293601430224,-0.024607037958898556,-0.13560790009783052
1873,Growth,0.01078499544788774,0.0,zero_alpha,1985-02-01,1991-08-01,79,0.9700119622356234,0.006974407051723142,-0.4234220449218795,-0.13540030223704017
1874,Growth,0.02290822938794519,0.0,zero_alpha,1982-08-01,1992-02-01,115,0.8070386952155033,0.07451582122904558,-0.07953736703109585,-0.04782266736027345
1875,Aggressive Growth,0.005231135521499093,0.0,zero_alpha,1978-07-01,1999-05-01,251,0.8632486062707682,0.18845647085159614,0.03871919840893446,0.11542252397691162
1876,Growth & Income,0.023312223772908938,-0.027603010125685855,unskilled,1985-09-01,1997-06-01,142,1.0218686326944628,0.3097368218062063,0.009399235427646481,0.21357971678294024
1877,Growth,0.011568040678277203,0.0,zero_alpha,1976-02-01,1999-07-01,282,1.1626000075151526,0.11135087257224272,-0.09221389457736363,-0.037925225804868956
1878,Growth,0.01891590839754168,0.0,zero_alpha,1977-01-01,1993-01-01,193,0.9442909814836986,0.10695593400466331,-0.027106080389614297,-0.13152153312773868
1879,Growth,0.006834365888683356,0.0,zero_alpha,1982-10-01,2003-08-01,251,1.0331097254668806,-0.2602032896217632,-0.16681288749556616,0.09179589749897123
1880,Aggressive Growth,0.017825429246732832,-0.03770969113071202,unskilled,1989-02-01,2006-11-01,214,0.7333280988270664,0.3049336293140878,-0.007836696115493045,0.09619453683937812
1881,Growth,0.023189225595303772,-0.03647363509477913,unskilled,1979-09-01,1994-06-01,178,0.9868285371492551,-0.003974471787510175,0.0016172813183541867,0.05605645033301755
1882,Growth,0.01610403850799966,0.0,zero_alpha,1991-08-01,2005-10-01,171,0.9410141093484256,0.3567808095574439,-0.19004999558030197,0.061360971936009895
1883,Growth,0.012242429965669517,0.0,zero_alpha,1977-11-01,2001-08-01,286,1.1343841370939272,0.4991099869635489,0.043539840101819535,0.003115033048447763
1884,Aggressive Growth,0.020871552401923878,0.0,zero_alpha,1979-06-01,1998-04-01,227,0.8689312285956865,0.12302124332674871,0.04229053101609074,0.0347226281833822
1885,Growth,0.019254508487431855,0.0,zero_alpha,1975-12-01,1996-12-01,253,0.9137543574256444,-0.08582782019147303,-0.043241982716214225,-0.007247669293535625
1886,Growth,0.00735385121843873,0.0,zero_alpha,1979-11-01,2000-05-01,247,1.1088221700699192,0.16582534672842547,0.47420940725736366,0.18053655905556834
1887,Growth,0.01831403073753273,0.0,zero_alpha,1985-09-01,1996-03-01,127,0.9361949311408025,0.2571754995046596,-0.03814047733686172,0.3542689251058816
1888,Growth,0.01829311692169759,0.0,zero_alpha,1976-08-01,2006-03-01,356,0.7836737928069096,0.09111999968831978,-0.06584684907460363,0.04694797275607887
1889,Growth,0.02003842334719396,-0.029642307387274303,unskilled,1976-11-01,1997-01-01,243,1.3327449909935183,0.02899039765516903,-0.09447862184154654,0.019014162804295864
1890,Growth,0.011326137302805132,-0.03495353506981743,unskilled,1976-06-01,2000-10-01,293,0.7882110854994899,0.31088305267435346,-0.20418784461527995,0.0583792048535102
1891,Aggressive Growth,0.01302555963281592,0.0,zero_alpha,1976-05-01,2005-02-01,346,0.9402949877675714,0.2943945686735488,0.12717947196868065,-0.07868827014749376
1892,Growth,0.024200761130716238,-0.03090308749318072,unskilled,1975-02-01,2005-01-01,360,1.0020032234038418,0.08342758991821059,-0.14724939360389006,0.13474675566572306
1893,Growth,0.016469138415555855,0.0,zero_alpha,1976-04-01,1999-03-01,276,0.9901426263546671,-0.24351654131517245,-0.12358962939955058,0.0861764613621693
1894,Growth,0.01517009954196289,0.0,zero_alpha,1978-09-01,2004-11-01,315,0.9215384443990401,0.2840945463448631,-0.11764831190771961,-0.043070531206403584
1895,Growth,0.024736993844041953,0.0,zero_alpha,1988-09-01,2006-05-01,213,0.9222859444210537,-0.02183179836034413,-0.20698870316970225,0.15531002285637174
1896,Growth,0.009591152637921114,0.0,zero_alpha,1979-02-01,2003-12-01,299,0.9147602200568067,0.22358526884257726,-0.3602166665089446,0.02284846525180809
1897,Growth,0.012958738201176396,0.0,zero_alpha,1977-09-01,1991-04-01,164,0.7826099212112941,0.20778930791975925,-0.10258797343183872,-0.1255084957711563
1898,Growth,0.02019767123191578,0.0,zero_alpha,1982-10-01,2006-12-01,291,1.2725328821634092,-0.30223685676066625,0.16466706254245825,0.072740666813444
1899,Growth,0.01926201162572089,-0.03413626323168267,unskilled,1987-12-01,1995-02-01,87,0.9170013623429935,0.19027042110289336,0.02939596109304879,0.05554887550989894
1900,Growth & Income,0.024334012861517644,0.0,zero_alpha,1976-09-01,2006-05-01,357,1.0395396489234643,0.2986331313436139,0.30211505403762506,0.1640627219165937
1901,Growth,0.018086006816061685,0.0,zero_alpha,1979-01-01,1990-07-01,139,0.8998020713477591,0.32928810382762175,0.14019126099783674,0.14473204251122732
1902,Growth,0.01126189946497372,0.0,zero_alpha,1980-05-01,2003-01-01,273,0.8967854491466775,0.1993414377740782,0.09479296205480896,0.0036160504056857237
1903,Growth & Income,0.012953039341093497,-0.03224962955493126,unskilled,1977-01-01,1982-03-01,63,0.8816834505995524,-0.32429651098739753,0.366529804530543,-0.05081304046202957
1904,Growth,0.006794258480335798,-0.03374362536124219,unskilled,1989-05-01,1998-06-01,110,0.7175231318016124,0.4892702655466593,-0.02942911900064226,0.020261562508669888
1905,Aggressive Growth,0.023474405166441597,-0.029514196279731182,unskilled,1975-02-01,2006-09-01,380,0.9259068289818846,0.2727556668856451,0.0026151347009904582,0.07449633195029842
1906,Growth,0.007573360454923848,0.0,zero_alpha,1979-03-01,2006-08-01,330,0.8889488518520854,-0.13082983234261933,-0.01229288433202754,0.09256315666475738
1907,Aggressive Growth,0.015914074481528952,0.0,zero_alpha,1976-02-01,1987-01-01,132,1.1257286763777166,-0.026940760039568357,0.29875734623670996,0.06521183122041768
1908,Growth & Income,0.01302790249234936,0.0,zero_alpha,1990-05-01,1998-10-01,102,0.7704949823623226,0.2278060523236302,-0.009496936708181811,0.006385708479234628
1909,Growth,0.007684472260654749,-0.03043995264224378,unskilled,1975-09-01,2002-08-01,324,0.8634279233667717,0.33994604832456393,-0.13965547481542087,0.16952255300348357
1910,Growth & Income,0.010859845072495962,-0.031237187439487658,unskilled,1975-03-01,2006-11-01,381,0.8152339299868876,0.04800928591307459,0.10753510759257036,-0.0811452841139915
1911,Growth,0.0176713803180825,0.0,zero_alpha,1986-02-01,1995-07-01,114,1.1663795591017712,0.37638135184476873,-0.17325196221140562,0.3919105178232234
1912,Growth,0.005625029822217316,0.0,zero_alpha,1983-11-01,2006-09-01,275,0.8195887332717993,-0.2781917072750444,0.09669430252278503,0.13446055702306386
1913,Growth,0.024319790667025856,0.0,zero_alpha,1987-08-01,2000-03-01,152,1.0343449767089206,-0.0906147527734468,0.072768186828367,-0.14912281047550155
1914,Growth,0.02318191235940101,0.0,zero_alpha,1977-08-01,2002-08-01,301,1.0955242210108969,-0.3460910024605206,-0.04788053356129919,0.04778439964046233
1915,Growth,0.00669202892653006,0.0,zero_alpha,1976-05-01,1992-07-01,195,0.9280815632876888,-0.05435128571742329,0.10316231441736534,0.1359025277048197
1916,Growth & Income,0.022367070967077803,0.0,zero_alpha,1989-02-01,1997-05-01,100,0.7434783498589297,0.5470192961360237,-0.30755798606167034,-0.03240536582795647
1917,Growth,0.011571424370964938,0.0,zero_alpha,1983-02-01,1996-10-01,165,0.7453769211854464,0.6844505586463506,0.02259242426499719,-0.20427160713650602
1918,Growth & Income,0.006350088970515484,0.0,zero_alpha,1975-08-01,1995-02-01,235,1.0789646097194119,0.22864761705761066,-0.1025530769333464,-0.13585959123983432
1919,Growth,0.011122256685837913,0.0,zero_alpha,1978-03-01,2004-09-01,319,0.7609108971800214,0.01039269818286137,0.5624527154569042,0.1013139416518327
1920,Growth,0.0211777498843457,0.0,zero_alpha,1980-07-01,1985-12-01,66,1.0088039916589868,0.11459002478726416,0.021165013928041557,-0.24319247088525572
1921,Growth,0.01831662904335845,-0.026363793965159834,unskilled,1975-04-01,2006-02-01,371,0.9671523664730894,0.2883349727082556,-0.12927840995668743,-0.19740168577690334
1922,Growth,0.009771192013407775,-0.036329155578466214,unskilled,1975-02-01,1997-08-01,271,1.006569872646654,-0.2207452129097706,-0.2856603472106164,0.10052521204008891
1923,Growth,0.019383529531404837,0.0,zero_alpha,1976-04-01,2004-11-01,344,1.020737721176883,0.02687520600469881,0.2510812393588532,-0.013382382527024433
1924,Growth & Income,0.019156422290210782,0.0,zero_alpha,1975-06-01,2005-07-01,362,0.8099493823373147,0.5287232686125622,-0.08000654390475556,-0.08436705844071954
1925,Growth & Income,0.019857227270138878,0.0,zero_alpha,1976-08-01,1985-08-01,109,0.8036707731477888,-0.09142751733209062,-0.16827041341508386,-0.05420982209837999
1926,Growth,0.015813133353274795,0.0,zero_alpha,1985-09-01,1993-02-01,90,1.0572390701150602,-0.017256224815385718,0.05725984280181192,-0.20062207192664794
1927,Growth,0.02137891304241406,0.0,zero_alpha,1976-05-01,2002-04-01,312,0.8555983084153405,0.17329841399536014,0.11994376628113072,0.0926680145682418
1928,Growth,0.017827244359138267,0.0,zero_alpha,1977-12-01,1987-12-01,121,0.5374777261992276,0.2407855648761773,0.1167905866419058,-0.10098153325261681
1929,Growth,0.0075079841948878494,0.0,zero_alpha,1985-10-01,1994-09-01,108,1.0473132946825796,0.01374898845013195,-0.006049915388127678,-0.060362827687580625
1930,Aggressive Growth,0.0212051197551067,0.0,zero_alpha,1975-11-01,1993-06-01,212,0.7945608067896848,0.18924109581298887,0.021838027377343992,0.07201777048807669
1931,Growth,0.011475362100889331,0.0,zero_alpha,1977-05-01,2006-12-01,356,1.020070381685788,0.32198488343485987,0.03640741513614055,-0.018494130318132466
1932,Growth,0.01910069436394587,0.0,zero_alpha,1977-08-01,2004-01-01,318,1.1589232773975453,0.6603629559409119,0.05727925312577468,-0.08569799644515042
1933,Growth,0.018502634121836115,0.0,zero_alpha,1988-01-01,2006-12-01,228,0.9525143685892921,0.1384389051413048,0.07497703918029648,-0.2784157637085893
1934,Growth & Income,0.0117182504207342,-0.028247744020967712,unskilled,1994-03-01,2004-05-01,123,1.0993648747495297,0.1596756711648593,0.2088905502611092,0.07511387688017221
1935,Aggressive Growth,0.008233673169773643,-0.03477663609409508,unskilled,1992-08-01,2006-08-01,169,0.9730696520804303,0.5518630864948777,0.0012829724051700592,0.03184894514126026
1936,Growth & Income,0.018899161758807154,-0.03183608953561869,unskilled,1979-08-01,2003-02-01,283,1.188114399221172,0.03270853542547619,-0.1733606531660724,-0.05760811865250598
1937,Growth,0.021980467061588203,0.0,zero_alpha,1984-08-01,1993-10-01,111,0.7906839336864341,-0.1610882581905452,-0.03885834062080687,-0.135609865820027
1938,Growth,0.021764626338690703,0.0,zero_alpha,1984-04-01,2003-05-01,230,0.9487677529375265,0.23256224391474062,0.14075616374699937,0.021914371798028718
1939,Growth,0.01753009683732732,0.0,zero_alpha,1977-02-01,1982-04-01,63,1.0509742407562201,0.4390437562719788,-0.3673055916769692,0.09207076407886527
1940,Growth & Income,0.009548145394695695,-0.03414163911081553,unskilled,1990-05-01,2004-01-01,165,0.9214382364484931,0.2602617837999214,-0.36615043907439226,0.03466383219864559
1941,Growth,0.011324199346059024,0.0,zero_alpha,1981-08-01,1993-03-01,140,1.1228328494979003,0.14574608561318858,0.1736552242784649,0.26570982807382293
1942,Aggressive Growth,0.02009255361878753,0.0,zero_alpha,1975-01-01,1998-05-01,281,0.8851940690733828,-0.1920983432837097,0.2940245633702656,0.12571617539075428
1943,Growth,0.013217078594138558,-0.03560779016771424,unskilled,1975-07-01,2005-03-01,357,1.2604056727443331,0.15540768868290672,-0.26304000700389474,0.003907536548893788
1944,Growth,0.01964994836936361,0.0,zero_alpha,1980-08-01,1989-06-01,107,1.2683296256408367,0.47828873157908414,0.010091854166579007,0.13074181341448457
1945,Growth,0.011188999851862513,0.0,zero_alpha,1975-01-01,2001-07-01,319,0.992310799434095,-0.13852927038480536,-0.08990902258340301,0.027299341758661777
1946,Growth,0.005126364930734639,0.0,zero_alpha,1981-03-01,2003-11-01,273,1.0328901770531924,0.10881320654918217,-0.062166022448324774,0.02677891317839811
1947,Growth & Income,0.017069801293126487,0.0,zero_alpha,1975-01-01,2006-03-01,375,1.1287507153436955,0.07312881696040982,0.051106201751283116,0.21445456959665332
1948,Growth & Income,0.017018327102108013,0.0,zero_alpha,1977-01-01,2006-08-01,356,0.771920390154895,-0.004426142659436305,-0.26857404580214983,-0.11470868172107783
1949,Growth,0.017551093655599932,0.0,zero_alpha,1986-01-01,1993-08-01,92,0.7531999978133314,0.23198075112975144,-0.23144350009848025,0.023496447208243763
1950,Growth,0.010363712715369637,-0.04078360891239291,unskilled,1980-01-01,2005-01-01,301,1.1384628370786452,0.2808263103140019,-0.07025023458424504,0.19845650039744067
1951,Aggressive Growth,0.02122141900623178,0.0,zero_alpha,1978-10-01,1999-09-01,252,0.9910982709309498,0.2782067261983592,-0.03907511957883204,0.06634858372623363
1952,Growth,0.014749336776607308,0.0,zero_alpha,1978-03-01,1986-02-01,96,0.9160242131030315,-0.07420244090378122,-0.23519102113683432,-0.03535794780531673
1953,Aggressive Growth,0.020247758179696942,0.0,zero_alpha,1978-08-01,1990-06-01,143,0.9516684954321741,-0.24149592358342067,0.14792953495783687,-0.23592396480612546
1954,Aggressive Growth,0.017221869287525293,-0.031942869722196704,unskilled,1976-04-01,2006-04-01,361,0.5920937791453895,0.23559710913268214,-0.09351219462220667,-0.32055204132905635
1955,Growth,0.013321416296046412,-0.027716030087167366,unskilled,1983-11-01,2003-06-01,236,0.9214156528314498,0.04352023962933704,-0.09436352121336908,0.33142717846411224
1956,Growth,0.01859253693281224,0.0,zero_alpha,1979-10-01,1993-11-01,170,0.8370429891210164,0.6295780949216965,0.04653175804598015,0.06627677318762173
1957,Growth,0.016499547120241112,-0.034054636154168684,unskilled,1981-07-01,1995-02-01,164,1.0877107450422623,0.6411274240037366,-0.03578165521349986,-0.06761097086293931
1958,Growth,0.015214222667957748,0.0,zero_alpha,1979-03-01,2006-10-01,332,1.099254616757601,0.66767244859901,0.15749536258116262,0.07241853336947612
1959,Growth & Income,0.017971210518386137,-0.03319677813736512,unskilled,1991-07-01,2004-02-01,152,1.0365020351194865,-0.06502772525867828,-0.19668450756013334,-0.12215112074550248
1960,Aggressive Growth,0.006718779527338588,0.0,zero_alpha,1984-06-01,1993-08-01,111,1.0093187973198712,0.3123422716855234,-0.2894773194126948,-0.029680191609439906
1961,Growth,0.023205221787108578,0.03048748271979551,skilled,1977-10-01,1998-03-01,246,0.7253979876919598,0.387738129312871,-0.07195751275972151,-0.12114105894894471
1962,Growth,0.011701640921647207,-0.03698623413800741,unskilled,1975-01-01,2006-10-01,382,1.0385964619995312,0.35958855838610054,0.002047234587002577,-0.19199103768467565
1963,Aggressive Growth,0.009493859271740589,0.0,zero_alpha,1986-12-01,1996-10-01,119,1.0444096918285075,0.08140051395153536,-0.2581511888195041,-0.2957477418756883
1964,Growth,0.02043592715352356,0.0,zero_alpha,1986-06-01,1998-03-01,142,1.1367788980653095,0.4897912257413315,-0.28755071234005186,-0.21964860883432513
1965,Growth,0.009624437741850365,0.0,zero_alpha,1977-08-01,1995-03-01,212,1.2677314718645296,0.1701187465916307,0.026459556467597088,0.17319316459061898
1966,Aggressive Growth,0.0249153924640212,0.0,zero_alpha,1976-06-01,1986-09-01,124,0.6961158989642586,0.20202653123385986,-0.1615561134629924,-0.12803229418150475
1967,Growth,0.01340985083126886,0.0,zero_alpha,1979-09-01,2002-03-01,271,0.8917284761572679,-0.21445836294428586,-0.300502343401384,0.10023381677043193
1968,Growth,0.010932488173262866,0.0,zero_alpha,1991-02-01,2002-11-01,142,0.8386600044263532,0.33119124239324715,0.18306825846281252,0.16349710847678203
1969,Growth,0.006241301452521471,0.0,zero_alpha,1978-08-01,1986-12-01,101,0.9758760782577611,0.10489707160689729,-0.13635893458541848,0.02248695278111866
1970,Growth,0.005836083547276403,0.04481931114906955,skilled,1983-03-01,1995-02-01,144,0.9520102787327057,0.2861947155251313,0.21996232077307157,-0.0247850818481606
1971,Growth & Income,0.006902811222807359,0.0,zero_alpha,1975-04-01,2005-05-01,362,0.9148876890379781,0.22877842495115458,-0.00430584177811457,0.039953438079149556
1972,Growth & Income,0.005100656576242237,-0.030906557016354932,unskilled,1975-06-01,2005-08-01,363,1.104140654210176,0.21523414416594272,0.048951772411060676,-0.04249305497861709
1973,Growth & Income,0.011541799588118806,0.0,zero_alpha,1983-03-01,2001-10-01,224,0.7847878683228824,0.15857160688332897,-0.05229994921937059,0.20058638930849454
1974,Growth & Income,0.011209088002016119,-0.023363248929179074,unskilled,1979-08-01,1995-05-01,190,0.793831779891109,0.3666499336651135,-0.5410324489091394,0.3014800811216739
1975,Growth,0.013601834908771784,0.0,zero_alpha,1976-04-01,2003-05-01,326,0.7963662093352937,0.12027686577873348,-0.23735729821074086,0.2374717745556433
1976,Growth,0.009658458464821962,0.0,zero_alpha,1996-09-01,2006-11-01,123,0.895950861886102,-0.19379935486324582,-0.03514189194374489,-0.30273448521603513
1977,Aggressive Growth,0.0062548231588823965,-0.024525293443828023,unskilled,1976-08-01,1999-03-01,272,0.7657114676132231,0.3122389015934835,0.06294582745854092,-0.04555401382901708
1978,Growth,0.0064232505590589755,0.0,zero_alpha,1976-08-01,1999-12-01,281,0.9427142766801093,-0.03225138122790963,-0.36793480447762417,0.020623870817173425
1979,Growth & Income,0.008642927506103659,-0.03024121795800398,unskilled,1982-05-01,2006-06-01,290,0.9251764708053699,-0.16106546067053493,-0.020720341572092238,0.08945869406338149
1980,Growth,0.011331790537382293,-0.02661879921266807,unskilled,1986-09-01,1997-06-01,130,0.832022732900138,-0.08556083353564956,-0.23445281744280633,-0.2390971806553072
1981,Growth,0.007959841004310247,0.0,zero_alpha,1975-04-01,1999-07-01,292,1.0810649381084294,0.24083309483923024,0.03692403301793083,-0.24151654905534484
1982,Aggressive Growth,0.012302356472288587,-0.03631672632369691,unskilled,1979-06-01,2000-11-01,258,0.9410749207569894,0.1458702992262875,-0.013880157139965012,0.21601846244380885
1983,Growth & Income,0.023444403067243966,-0.03731207205929782,unskilled,1976-12-01,2005-07-01,344,1.1093971046047706,-0.3631707574182118,0.1387003204859147,-0.0638678977914669
1984,Aggressive Growth,0.010232060190592336,0.0,zero_alpha,1980-09-01,1990-04-01,116,0.9207425223193352,0.07408601423683261,0.20336458603750374,-0.20311095076798483
1985,Growth,0.008367986340252938,-0.03228391597196345,unskilled,1980-10-01,2002-04-01,259,0.9463707667652967,0.46230780624369117,0.0817979798548058,-0.14554612115844412
1986,Growth,0.018295525060044636,-0.031207301544616428,unskilled,1978-01-01,2005-05-01,329,0.8655826392977434,0.05717608226665531,0.16207871779411492,0.07857119649683222
1987,Growth,0.014817620759213973,-0.0329243118177263,unskilled,1979-11-01,1992-04-01,150,0.9489430189196773,0.1286308616431019,-0.08006849518476769,-0.10338215296952447
1988,Aggressive Growth,0.005945080316185143,-0.027158608227042597,unskilled,1980-09-01,2005-09-01,301,1.056834695919807,0.43074785933178816,0.5546234822534292,0.0562438463276075
1989,Growth,0.020756146623327778,0.0,zero_alpha,1986-01-01,1993-08-01,92,0.8882998651594552,0.368872314551134,-0.25376381929897623,-0.12680910441197557
1990,Aggressive Growth,0.01930685943707552,0.0,zero_alpha,1982-05-01,2006-09-01,293,1.0277617943801995,0.42543777191292775,-0.11555115558186425,-0.24163001910760304
1991,Growth,0.024545967234806825,0.0,zero_alpha,1975-12-01,1997-04-01,257,0.8280879558431388,-0.5231384025134257,0.17027171654937856,0.2336570244831986
1992,Growth,0.023766132391245913,0.0,zero_alpha,1982-02-01,1992-03-01,122,1.0638575848283314,0.6033807596105277,0.14054426097219852,0.07972848669334635
1993,Growth & Income,0.01668496587250488,0.0,zero_alpha,1993-04-01,1999-12-01,81,0.8630141259032109,0.32910010885698227,0.08747780382846977,-0.030062629185717445
1994,Growth,0.018720425871612253,-0.035404647722019705,unskilled,1981-03-01,2006-04-01,302,1.0777519809843574,0.7853691035060375,0.12506373159862158,-0.0582042582522414
1995,Growth,0.013190136479736544,0.0,zero_alpha,1979-07-01,1990-12-01,138,0.9591464813650497,-0.025581507693570954,-0.42671143092120817,0.23973505536128523
1996,Growth,0.022769343730580933,0.0,zero_alpha,1988-05-01,2006-09-01,221,1.1781430600086595,-0.27086265141222754,0.30785973890756685,0.10872950682930876
1997,Growth & Income,0.016056176503986958,0.0,zero_alpha,1979-12-01,1986-06-01,79,0.7768898410618686,0.1718046141812941,-0.050778191773322996,0.19202195474536382
1998,Growth,0.01151102652670091,0.0,zero_alpha,1975-05-01,2006-05-01,373,0.7285734840032198,0.10115691756070978,0.23917883645417037,-0.06755390162338
1999,Growth,0.005189829838191651,0.0,zero_alpha,1978-11-01,1998-08-01,238,0.8575674131036649,0.3334159959037053,-0.4167053157935912,0.027599981026936747
2000,Growth & Income,0.016728995299539997,0.0,zero_alpha,1975-10-01,2005-11-01,362,0.742308357794853,0.438732086146589,0.04131370069623822,0.08032983739947977
2001,Aggressive Growth,0.01550867781029789,0.0,zero_alpha,1995-07-01,2004-10-01,112,0.7425897658357583,0.14817646378012575,-0.12270045582896973,-0.06251036639707618
2002,Growth,0.021237543557262064,0.0,zero_alpha,1990-10-01,2001-03-01,126,1.0432326140689814,0.10982298854681857,0.10442403031626069,0.005670183649454017
2003,Growth,0.008740092526132729,0.0,zero_alpha,1983-06-01,2004-11-01,258,0.9493731809881012,0.3006799548790318,0.05341409049376914,-0.0675415509824875
2004,Growth,0.021308025356946828,0.0,zero_alpha,1977-09-01,1998-12-01,256,0.8780478534943611,0.10591783357687558,0.06320955949983569,0.07985887962533257
2005,Growth & Income,0.005305672205111272,0.0,zero_alpha,1980-05-01,2006-09-01,317,0.8919556104041851,0.08500447477580314,-0.22178833764629832,-0.17820912457758709
2006,Aggressive Growth,0.016746267553994647,0.0,zero_alpha,1975-11-01,2005-11-01,361,0.8604143503510491,0.4292837346688215,-0.021393824163722208,0.1057955028870587
2007,Growth & Income,0.012937048024897622,0.0,zero_alpha,1978-02-01,2005-04-01,327,1.1975553751728565,0.4849444642258931,-0.046033409585868205,0.06660698026143663
2008,Growth & Income,0.011630410426847836,0.0,zero_alpha,1991-04-01,1999-12-01,105,0.8396741438535444,0.4409915609657734,0.08906200834148652,-0.01049627927609829
2009,Growth,0.013665919343334412,-0.04483329220465648,unskilled,1987-06-01,2000-09-01,160,0.7516799152875051,0.12794257181861862,0.18785939908669336,0.08742757184781255
2010,Growth,0.009471829723981452,0.0,zero_alpha,1976-06-01,2006-01-01,356,1.0694075926229492,-0.3649472469382957,0.02009518440172292,-0.034741069559946575
2011,Aggressive Growth,0.008668513061999504,-0.03019039073035578,unskilled,1980-11-01,2000-08-01,238,0.9176366564978268,0.13294847840178797,-0.26523445767771975,-0.08051961119909301
2012,Growth & Income,0.02110213768002899,0.0,zero_alpha,1977-05-01,2005-09-01,341,1.2558160533226828,-0.01949500316926217,0.011515761913353609,0.10155892321830172
2013,Aggressive Growth,0.009555166004612948,0.0,zero_alpha,1985-10-01,2005-11-01,242,0.8710691541808797,0.13756874524735302,0.5122152456818525,0.10805210077315583
2014,Growth,0.01973943988992732,-0.033841244783940155,unskilled,1985-01-01,1991-04-01,76,1.0768976269635187,0.002227276820597812,0.3192010653975572,-0.05609053582135512
2015,Growth & Income,0.019227210888852646,-0.042364917179956454,unskilled,1982-04-01,1999-12-01,213,1.1123295995898956,0.16481503613359952,-0.6048799125515398,-0.06895784383645874
2016,Aggressive Growth,0.0056680083141400495,-0.04072292993487096,unskilled,1975-11-01,2003-02-01,328,0.8717996251696994,-0.08981890730789108,0.00266863073896894,-0.007446022564068483
2017,Growth & Income,0.022621448403750903,0.0,zero_alpha,1978-05-01,2000-12-01,272,0.8385618848136446,-0.15017935917959466,0.17642390505106886,-0.06280084792210264
2018,Growth,0.020787102601867606,0.0,zero_alpha,1993-02-01,2001-08-01,103,1.0612049796396357,0.475672870642723,-0.046465402513595884,0.24876786648234028
2019,Growth,0.020921344988467688,0.03528252246033682,skilled,1988-09-01,1999-04-01,128,1.0362337876870895,-0.07241440334191335,-0.10201818402877671,0.067471357129131
2020,Aggressive Growth,0.02118382104438054,-0.03625768594592884,unskilled,1975-11-01,2003-11-01,337,0.738408484893361,0.1700829063140884,-0.06339284301669766,0.022190035032082236
2021,Aggressive Growth,0.016651064581501278,0.0,zero_alpha,1975-04-01,2006-09-01,378,0.7807346545542918,0.4086287116507089,0.10043789708693045,-0.11990874605335435
2022,Growth,0.024867617337755245,0.0,zero_alpha,1980-06-01,2005-09-01,304,0.5695354992577992,0.3985760315573932,-0.2396939948750018,0.13084841705549607
2023,Growth,0.008583042809549102,0.0,zero_alpha,1978-01-01,1985-07-01,91,1.0393080280968203,0.3687120512288378,0.22773773032187414,-0.07174073499166228
2024,Aggressive Growth,0.0064467186188334955,0.0,zero_alpha,1975-08-01,1997-04-01,261,0.9107259210296381,0.24571662862538385,-0.02119859833961383,-0.077912096662156
2025,Growth & Income,0.01908334944758844,0.0,zero_alpha,1976-10-01,2004-02-01,329,0.9256774368537076,0.35100082713421243,-0.1970048548223099,0.13589219946148787
2026,Growth,0.010878744747913725,0.0,zero_alpha,1981-05-01,2003-08-01,268,0.696283385344722,0.5132720331515386,0.2148700322797391,0.07809840814878463
2027,Growth,0.017164664478601054,0.0,zero_alpha,1978-06-01,1999-06-01,253,0.7852846470366011,0.2762556484988434,-0.31902618102232827,-0.3555171413703336
2028,Growth,0.012834032258776853,0.0,zero_alpha,1986-11-01,2004-05-01,211,0.878306163114865,-0.28930058670354586,-0.12104201940031677,-0.003665614564646369
2029,Growth,0.01167048317002007,0.0,zero_alpha,1992-05-01,2003-11-01,139,0.8491511599778269,0.03786669846247584,-0.12433501305703286,0.038827943082143004
2030,Growth,0.02286497249189745,0.0,zero_alpha,1985-05-01,1997-11-01,151,0.9676754113276447,0.344092517930522,0.4187883876472262,-0.03093942336717401
2031,Growth,0.007840869172238639,-0.017474664153797965,unskilled,1977-08-01,2002-09-01,302,1.037520218994772,0.013226016572648963,-0.14700415372788864,0.04405454985347073
2032,Aggressive Growth,0.008779713087872983,0.0,zero_alpha,1976-01-01,1982-10-01,82,1.2904418853927795,0.5750265348646609,-0.44099304410002105,-0.2514532004363516
2033,Growth,0.018356817057401612,0.0,zero_alpha,1995-05-01,2002-07-01,87,0.9469974454953611,0.15420504295839213,-0.1263630230558283,-0.40465308990110876
2034,Growth,0.0206520202553026,0.0,zero_alpha,1989-09-01,2005-04-01,188,1.1173103994645417,0.19131219283985906,0.08111006948095564,-0.12632023575554063
2035,Growth & Income,0.02164428983969843,0.0,zero_alpha,1977-09-01,2003-07-01,311,0.8255040834530337,0.45118604972543386,0.14681690931672084,0.0623370682650725
2036,Growth,0.009622994326845038,0.0,zero_alpha,1979-10-01,2002-06-01,273,0.6987580527536965,0.12428752567267681,0.44530793868855445,-0.4637434342781335
2037,Aggressive Growth,0.02264226836578908,-0.024642540135034217,unskilled,1983-05-01,2004-03-01,251,0.8971547529934812,0.21406925893204654,0.2713795141971762,-0.1065319100859261
2038,Growth,0.017191013128491108,0.0,zero_alpha,1983-10-01,2003-02-01,233,0.7103417423188637,0.3947808709997781,0.027584518783030428,-0.268414145379908
2039,Growth & Income,0.021464368378280866,0.0,zero_alpha,1978-04-01,1986-02-01,95,0.9522009750753654,-0.19806765395842155,-0.18828309351495554,-0.016393625879702164
2040,Growth & Income,0.006370438804064393,0.0,zero_alpha,1987-03-01,2001-01-01,167,0.8329318813237002,0.0986754594031126,0.31480548626947175,0.31368488869337746
2041,Growth,0.01213788671970843,0.0,zero_alpha,1998-02-01,2005-02-01,85,0.6568592919868121,0.37728832384478006,-0.08371271006524629,-0.012576399199615253
2042,Aggressive Growth,0.015497279689813376,0.0,zero_alpha,1979-12-01,2005-05-01,306,1.2104037718790266,0.18640003708564853,-0.14163144724292095,0.0038745732003698102
2043,Aggressive Growth,0.016539140651645717,0.0,zero_alpha,1978-03-01,2003-06-01,304,0.8693657430341929,0.53683345301937,-0.09341476043081398,0.1458846411182348
2044,Growth,0.006981431081474123,0.0,zero_alpha,1985-07-01,1997-05-01,143,0.7043571045583703,-0.22398083954672957,-0.2604576477793619,0.02319598367158603
2045,Aggressive Growth,0.01577316489204351,-0.031890739272382784,unskilled,1979-12-01,1992-10-01,155,1.0847257685760934,-0.2525004419865333,-0.10300401823419512,-0.012248765528400898
2046,Growth,0.01830972866186049,0.0,zero_alpha,1987-03-01,2000-09-01,163,0.8407078456191072,0.36242162915567944,-0.0566216659956831,0.15899688862175057
2047,Growth,0.012231901715293455,0.0,zero_alpha,1975-09-01,2004-09-01,349,1.1135249050535991,0.3864518037331937,0.13613132116242363,0.09078307257677085
2048,Growth & Income,0.015014784885612614,-0.03249242742254712,unskilled,1979-10-01,1997-11-01,218,0.8399908497982925,0.12168749829204167,-0.08761766702020374,0.0632938642349679
2049,Growth,0.010851328432881198,0.0,zero_alpha,1976-09-01,2002-03-01,307,0.8688653464605803,0.2700986000114311,-0.26349184836770306,-0.0008170228851198183
2050,Growth,0.02241000543743971,0.0,zero_alpha,1980-01-01,1997-01-01,205,1.001724756421557,0.3563017444078517,-0.33075443105134,-0.03190970570905953
2051,Growth,0.01698413213380053,0.0,zero_alpha,1978-01-01,2001-10-01,286,1.0389829071056165,-0.033465801462936595,0.03191394950462321,0.15757563278474931
2052,Growth & Income,0.016025477922717916,0.0,zero_alpha,1976-01-01,1995-03-01,231,1.0652725606010898,-0.006712093762324789,0.0045251706938449435,-0.030469392981875936
2053,Growth,0.023887148517554205,0.0,zero_alpha,1989-01-01,2001-06-01,150,0.9365388291906006,0.21743154479965915,-0.12086254224263357,0.20468793190340193
2054,Growth,0.018298630473202186,-0.02339615084417008,unskilled,1976-07-01,2005-02-01,344,1.0292925082331874,0.39602223997343,-0.10349129209841416,-0.13707195494339236
2055,Aggressive Growth,0.01059646883078856,0.0,zero_alpha,1982-07-01,2006-08-01,290,1.061844291038513,-0.12148923158949618,0.067697386559834,0.23506759317586667
2056,Aggressive Growth,0.017835061623878986,0.0,zero_alpha,1976-02-01,2001-11-01,310,0.9800853707850274,0.12051309201624517,0.26810925073786945,0.0908060124632627
2057,Growth,0.02423246913306443,0.0,zero_alpha,1975-12-01,2006-07-01,368,0.9286012830103555,0.10894084207389035,-0.1660289168287976,-0.12528023845780092
2058,Growth & Income,0.005471165118545971,0.0,zero_alpha,1978-08-01,1990-03-01,140,0.7332057577653305,0.27448977626069104,0.0077805672430865305,0.09634679518284595
2059,Growth,0.017531820140219884,0.0,zero_alpha,1988-06-01,1995-10-01,89,1.0398761235169982,0.16782540749779146,0.18165408080106474,-0.07754543474759198
2060,Growth,0.008136699217728987,-0.03108382781389047,unskilled,1980-07-01,2001-03-01,249,0.9563260548711726,0.03352910404928516,-0.16522285803945,0.025014208152121322
2061,Growth,0.021329190221327787,0.0,zero_alpha,1983-03-01,1996-12-01,166,0.8879576221473938,0.4821414451893514,-0.01312642291266107,-0.05299407057178768
2062,Growth,0.01781369059282514,0.0,zero_alpha,1985-01-01,2001-09-01,201,1.141664954538749,0.035185629594795015,-0.017599120617533243,6.317538003823911e-05
2063,Growth & Income,0.02373978985939133,0.0,zero_alpha,1992-03-01,2003-06-01,136,0.7358249550630026,0.0969759092446366,-0.2722590470087038,0.16121461907148002
2064,Growth,0.0183915572419486,0.0,zero_alpha,1980-03-01,1995-11-01,189,1.196605447304733,-0.22787440897990588,0.02369975895312454,0.09777674782200298
2065,Growth,0.005344377863152894,0.0,zero_alpha,1989-01-01,2004-07-01,187,0.9466590082048301,-0.008406469211473783,-0.0036910642791137243,-0.14880480876536178
2066,Growth,0.015207076888016688,-0.030476414601227846,unskilled,1978-04-01,1992-08-01,173,0.9976277267754348,0.29901901908476247,0.10101684991921157,-0.1402144662487658
2067,Growth,0.023073361272323106,0.0,zero_alpha,1977-01-01,2002-01-01,301,0.8907433828204593,0.25015048908871496,-0.2473772949321425,0.0606163415398
2068,Growth & Income,0.009646060083426583,0.0,zero_alpha,1978-06-01,1999-05-01,252,0.6999390631215004,0.3198792475164405,-0.008005922947755036,0.07147806903436651
2069,Growth,0.006657928083597697,0.0,zero_alpha,1988-08-01,2006-05-01,214,0.929058515230133,0.30774557148641757,0.26634681273116173,-0.08116674690806468
2070,Growth & Income,0.019397757384436835,0.0,zero_alpha,1977-11-01,1985-10-01,96,1.0002117360339189,0.6919285090737886,0.40549996638245733,0.25869732244730564
2071,Growth,0.015050171338782399,0.0,zero_alpha,1979-08-01,1999-12-01,245,1.051433816960389,-0.01696470686172749,0.24602585379432185,0.14202424059043936
2072,Growth & Income,0.005951905227894032,0.0,zero_alpha,1984-07-01,1994-02-01,116,0.9202950202341648,-0.2348559358586971,-0.24541430113004847,-0.07383645480771911
2073,Growth & Income,0.01059830464878848,0.0,zero_alpha,1989-11-01,2003-04-01,162,0.6211190238193373,-0.09263824901788095,0.08021053640872529,-0.08833829737239893
2074,Growth,0.011534972952861907,-0.03638430389083794,unskilled,1982-09-01,1998-10-01,194,0.7187507983126061,-0.00591295895789784,-0.10662931499222274,-0.014171982056987064
2075,Growth,0.01835722955975004,-0.03119904703341462,unskilled,1997-07-01,2006-03-01,105,1.257802943564494,-0.07358173415422772,0.0467801186259842,-0.029778161661123955
